split0_test_score,split1_test_score,split2_test_score,split3_test_score,split4_test_score,split5_test_score,split6_test_score,split7_test_score,split8_test_score,split9_test_score,mean_test_score,std_test_score,rank_test_score,mean_fit_time,std_fit_time,mean_score_time,std_score_time,param_criterion,param_max_depth,param_max_features,param_max_leaf_nodes,param_max_samples,param_min_impurity_decrease,param_min_samples_leaf,param_min_samples_split,param_min_weight_fraction_leaf,param_n_estimators,params
-11.25,-13.53125,-13.03125,-25.8125,-10.46875,-14.516129032258064,-12.548387096774194,-13.548387096774194,-11.612903225806452,-10.903225806451612,-13.739682539682539,4.244776969081237,1,44.059868693351746,7.18880190946579,17.945139908790587,5.069684772576999,mae,8220,log2,8446,0.6167450829215282,0.5228555558532023,0.34672180275527975,0.032153167597856136,0.3541850865301929,16875,"{'criterion': 'mae', 'max_depth': 8220, 'max_features': 'log2', 'max_leaf_nodes': 8446, 'max_samples': 0.6167450829215282, 'min_impurity_decrease': 0.5228555558532023, 'min_samples_leaf': 0.34672180275527975, 'min_samples_split': 0.032153167597856136, 'min_weight_fraction_leaf': 0.3541850865301929, 'n_estimators': 16875}"
-11.6875,-12.21875,-11.59375,-24.3125,-12.78125,-16.741935483870968,-11.741935483870968,-13.0,-12.580645161290322,-13.129032258064516,-13.987301587301587,3.7444730616816484,1,38.21557552814484,7.197926146398151,14.887402868270874,3.8727976028083706,mse,5803,log2,1407,0.9770956683314296,0.9501254654102714,0.12155107615938028,0.6583406157147588,0.4755928582970094,15235,"{'criterion': 'mse', 'max_depth': 5803, 'max_features': 'log2', 'max_leaf_nodes': 1407, 'max_samples': 0.9770956683314296, 'min_impurity_decrease': 0.9501254654102714, 'min_samples_leaf': 0.12155107615938028, 'min_samples_split': 0.6583406157147588, 'min_weight_fraction_leaf': 0.4755928582970094, 'n_estimators': 15235}"
-11.25,-13.15625,-13.03125,-25.8125,-10.46875,-14.516129032258064,-12.548387096774194,-13.548387096774194,-11.774193548387096,-10.903225806451612,-13.717460317460317,4.240618744836076,1,21.032564067840575,3.6957980953675422,8.245377659797668,2.262795520003366,mae,2240,auto,5121,0.4337758781183517,0.17444622162373238,0.14053347868842678,0.9585161542351969,0.25063077226582414,8390,"{'criterion': 'mae', 'max_depth': 2240, 'max_features': 'auto', 'max_leaf_nodes': 5121, 'max_samples': 0.4337758781183517, 'min_impurity_decrease': 0.17444622162373238, 'min_samples_leaf': 0.14053347868842678, 'min_samples_split': 0.9585161542351969, 'min_weight_fraction_leaf': 0.25063077226582414, 'n_estimators': 8390}"
-11.25,-13.53125,-13.03125,-25.8125,-10.46875,-14.516129032258064,-12.548387096774194,-13.548387096774194,-11.612903225806452,-10.903225806451612,-13.739682539682539,4.244776969081237,1,48.986510920524594,8.427117274180013,23.133363342285158,4.806966113539973,mae,5303,auto,4279,0.54423271913013,0.6295804586736108,0.29096774004014314,0.44370007283990737,0.06492576843561222,19343,"{'criterion': 'mae', 'max_depth': 5303, 'max_features': 'auto', 'max_leaf_nodes': 4279, 'max_samples': 0.54423271913013, 'min_impurity_decrease': 0.6295804586736108, 'min_samples_leaf': 0.29096774004014314, 'min_samples_split': 0.44370007283990737, 'min_weight_fraction_leaf': 0.06492576843561222, 'n_estimators': 19343}"
-11.25,-13.53125,-13.03125,-25.8125,-10.46875,-14.516129032258064,-12.548387096774194,-13.548387096774194,-11.612903225806452,-10.903225806451612,-13.739682539682539,4.244776969081237,1,31.27728307247162,5.137896194676321,11.790945315361023,2.9339490133013704,mae,7238,auto,3115,0.6459687413332026,0.6617551375642022,0.48374305597526707,0.7912433277702452,0.31068822587995015,11674,"{'criterion': 'mae', 'max_depth': 7238, 'max_features': 'auto', 'max_leaf_nodes': 3115, 'max_samples': 0.6459687413332026, 'min_impurity_decrease': 0.6617551375642022, 'min_samples_leaf': 0.48374305597526707, 'min_samples_split': 0.7912433277702452, 'min_weight_fraction_leaf': 0.31068822587995015, 'n_estimators': 11674}"
-11.6875,-12.21875,-11.59375,-24.3125,-12.78125,-16.741935483870968,-11.741935483870968,-13.0,-12.580645161290322,-13.129032258064516,-13.987301587301587,3.7444730616816484,1,26.204039454460144,4.812806465812325,10.586273527145385,2.954344293000853,mse,3459,sqrt,1440,0.594988029000943,0.5044029484880932,0.007153143947999928,0.5462395067535535,0.0077267343075295165,10106,"{'criterion': 'mse', 'max_depth': 3459, 'max_features': 'sqrt', 'max_leaf_nodes': 1440, 'max_samples': 0.594988029000943, 'min_impurity_decrease': 0.5044029484880932, 'min_samples_leaf': 0.007153143947999928, 'min_samples_split': 0.5462395067535535, 'min_weight_fraction_leaf': 0.0077267343075295165, 'n_estimators': 10106}"
-11.25,-13.15625,-13.03125,-25.8125,-10.46875,-14.516129032258064,-12.548387096774194,-13.548387096774194,-11.774193548387096,-10.903225806451612,-13.717460317460317,4.240618744836076,1,50.80102276802063,9.21576085763555,19.96964027881622,5.466471842321768,mae,7796,log2,3366,0.49599502447759014,0.0044741330330408955,0.28860899523253236,0.8723500029959289,0.39596505543191873,19808,"{'criterion': 'mae', 'max_depth': 7796, 'max_features': 'log2', 'max_leaf_nodes': 3366, 'max_samples': 0.49599502447759014, 'min_impurity_decrease': 0.0044741330330408955, 'min_samples_leaf': 0.28860899523253236, 'min_samples_split': 0.8723500029959289, 'min_weight_fraction_leaf': 0.39596505543191873, 'n_estimators': 19808}"
-11.25,-13.53125,-13.03125,-25.8125,-10.46875,-14.516129032258064,-12.838709677419354,-13.548387096774194,-11.612903225806452,-10.903225806451612,-13.768253968253969,4.2376333130980575,1,43.22426941394806,6.302615961419917,16.89730920791626,4.3285444478409145,mae,8135,auto,8390,0.8156907876666079,0.30371862538260724,0.40639272424158424,0.8978770178309053,0.27202060495282815,16851,"{'criterion': 'mae', 'max_depth': 8135, 'max_features': 'auto', 'max_leaf_nodes': 8390, 'max_samples': 0.8156907876666079, 'min_impurity_decrease': 0.30371862538260724, 'min_samples_leaf': 0.40639272424158424, 'min_samples_split': 0.8978770178309053, 'min_weight_fraction_leaf': 0.27202060495282815, 'n_estimators': 16851}"
-11.25,-13.15625,-13.03125,-25.8125,-10.46875,-14.516129032258064,-12.548387096774194,-13.548387096774194,-11.774193548387096,-10.903225806451612,-13.717460317460317,4.240618744836076,1,23.637854409217834,4.324615306088622,9.116584014892577,2.5701997528190486,mae,8330,sqrt,9019,0.35707597962166904,0.597449501423356,0.17571594868414184,0.4545872847820566,0.05227749668892685,9229,"{'criterion': 'mae', 'max_depth': 8330, 'max_features': 'sqrt', 'max_leaf_nodes': 9019, 'max_samples': 0.35707597962166904, 'min_impurity_decrease': 0.597449501423356, 'min_samples_leaf': 0.17571594868414184, 'min_samples_split': 0.4545872847820566, 'min_weight_fraction_leaf': 0.05227749668892685, 'n_estimators': 9229}"
-11.25,-13.53125,-13.03125,-25.8125,-10.46875,-14.516129032258064,-12.838709677419354,-13.548387096774194,-11.612903225806452,-10.903225806451612,-13.768253968253969,4.2376333130980575,1,48.635769033432005,8.925150747264434,18.605031871795653,3.942942091495572,mae,4834,sqrt,3119,0.9485491075404098,0.5579086138754152,0.03406880736083786,0.8475469680946552,0.2286669634885582,18846,"{'criterion': 'mae', 'max_depth': 4834, 'max_features': 'sqrt', 'max_leaf_nodes': 3119, 'max_samples': 0.9485491075404098, 'min_impurity_decrease': 0.5579086138754152, 'min_samples_leaf': 0.03406880736083786, 'min_samples_split': 0.8475469680946552, 'min_weight_fraction_leaf': 0.2286669634885582, 'n_estimators': 18846}"
-11.3125,-13.15625,-12.65625,-25.8125,-10.96875,-14.516129032258064,-12.548387096774194,-13.548387096774194,-11.774193548387096,-10.903225806451612,-13.736507936507936,4.208739245781271,1,14.298969316482545,2.865018291260696,6.970990920066834,2.2963767709698972,mae,2,sqrt,10,0.1,0.0,1e-07,1.0,0.5,5000,"{'criterion': 'mae', 'max_depth': 2, 'max_features': 'sqrt', 'max_leaf_nodes': 10, 'max_samples': 0.1, 'min_impurity_decrease': 0.0, 'min_samples_leaf': 1e-07, 'min_samples_split': 1.0, 'min_weight_fraction_leaf': 0.5, 'n_estimators': 5000}"
-11.25,-13.15625,-13.03125,-25.8125,-10.46875,-14.516129032258064,-12.548387096774194,-13.548387096774194,-11.774193548387096,-10.903225806451612,-13.717460317460317,4.240618744836076,1,14.147694182395934,2.8766838365591956,5.219533085823059,1.4425312894476565,mae,10000,sqrt,10,0.37464661810619637,1.0,0.5,0.7868107846416407,0.5,5000,"{'criterion': 'mae', 'max_depth': 10000, 'max_features': 'sqrt', 'max_leaf_nodes': 10, 'max_samples': 0.37464661810619637, 'min_impurity_decrease': 1.0, 'min_samples_leaf': 0.5, 'min_samples_split': 0.7868107846416407, 'min_weight_fraction_leaf': 0.5, 'n_estimators': 5000}"
-11.25,-13.15625,-13.03125,-25.8125,-10.46875,-14.516129032258064,-12.548387096774194,-13.548387096774194,-11.774193548387096,-10.903225806451612,-13.717460317460317,4.240618744836076,1,12.864023232460022,2.500900623099923,4.807152223587036,1.264314872307571,mae,2,log2,1022,0.3849330039142531,1.0,1e-07,1.0,0.0,5000,"{'criterion': 'mae', 'max_depth': 2, 'max_features': 'log2', 'max_leaf_nodes': 1022, 'max_samples': 0.3849330039142531, 'min_impurity_decrease': 1.0, 'min_samples_leaf': 1e-07, 'min_samples_split': 1.0, 'min_weight_fraction_leaf': 0.0, 'n_estimators': 5000}"
-11.25,-13.15625,-13.03125,-25.8125,-10.46875,-14.516129032258064,-12.548387096774194,-13.548387096774194,-11.774193548387096,-10.903225806451612,-13.717460317460317,4.240618744836076,1,50.203127479553224,9.023513512915372,19.060189867019652,4.956082054373656,mae,2,log2,10000,0.3493867002681965,0.0,0.5,1.0,0.5,20000,"{'criterion': 'mae', 'max_depth': 2, 'max_features': 'log2', 'max_leaf_nodes': 10000, 'max_samples': 0.3493867002681965, 'min_impurity_decrease': 0.0, 'min_samples_leaf': 0.5, 'min_samples_split': 1.0, 'min_weight_fraction_leaf': 0.5, 'n_estimators': 20000}"
-11.25,-13.15625,-13.03125,-25.8125,-10.46875,-14.516129032258064,-12.548387096774194,-13.548387096774194,-11.774193548387096,-10.903225806451612,-13.717460317460317,4.240618744836076,1,14.05887725353241,2.614063250015548,4.621093010902404,1.3056231077184914,mae,10000,auto,10,0.3085745572537146,0.0,1e-07,1e-07,0.5,5000,"{'criterion': 'mae', 'max_depth': 10000, 'max_features': 'auto', 'max_leaf_nodes': 10, 'max_samples': 0.3085745572537146, 'min_impurity_decrease': 0.0, 'min_samples_leaf': 1e-07, 'min_samples_split': 1e-07, 'min_weight_fraction_leaf': 0.5, 'n_estimators': 5000}"
-11.25,-13.15625,-13.03125,-25.8125,-10.46875,-14.516129032258064,-12.548387096774194,-13.548387096774194,-11.774193548387096,-10.903225806451612,-13.717460317460317,4.240618744836076,1,50.858137822151186,9.428060421067633,20.361468505859374,5.528117149979967,mae,10000,log2,10,0.30646509018439333,1.0,0.5,1e-07,0.0,20000,"{'criterion': 'mae', 'max_depth': 10000, 'max_features': 'log2', 'max_leaf_nodes': 10, 'max_samples': 0.30646509018439333, 'min_impurity_decrease': 1.0, 'min_samples_leaf': 0.5, 'min_samples_split': 1e-07, 'min_weight_fraction_leaf': 0.0, 'n_estimators': 20000}"
-11.25,-13.15625,-13.03125,-25.8125,-10.46875,-14.516129032258064,-12.548387096774194,-13.548387096774194,-11.774193548387096,-10.903225806451612,-13.717460317460317,4.240618744836076,1,13.429337501525879,1.6031252930827515,5.557461953163147,1.3914895043163187,mae,2,sqrt,10,0.35390898950652183,0.0,1e-07,1e-07,0.5,5000,"{'criterion': 'mae', 'max_depth': 2, 'max_features': 'sqrt', 'max_leaf_nodes': 10, 'max_samples': 0.35390898950652183, 'min_impurity_decrease': 0.0, 'min_samples_leaf': 1e-07, 'min_samples_split': 1e-07, 'min_weight_fraction_leaf': 0.5, 'n_estimators': 5000}"
-11.25,-13.15625,-13.03125,-25.8125,-10.46875,-14.516129032258064,-12.548387096774194,-13.548387096774194,-11.774193548387096,-10.903225806451612,-13.717460317460317,4.240618744836076,1,13.373247814178466,1.8943751400106943,4.9906768798828125,1.3742539152857867,mae,10000,log2,10000,0.343285648065769,0.0,0.417903634735096,1.0,0.5,5000,"{'criterion': 'mae', 'max_depth': 10000, 'max_features': 'log2', 'max_leaf_nodes': 10000, 'max_samples': 0.343285648065769, 'min_impurity_decrease': 0.0, 'min_samples_leaf': 0.417903634735096, 'min_samples_split': 1.0, 'min_weight_fraction_leaf': 0.5, 'n_estimators': 5000}"
-11.25,-13.15625,-13.03125,-25.8125,-10.46875,-14.516129032258064,-12.548387096774194,-13.548387096774194,-11.774193548387096,-10.903225806451612,-13.717460317460317,4.240618744836076,1,51.99226272106171,7.3169636697300575,19.302135276794434,4.506705683981559,mae,10000,log2,10000,0.31726237247846467,1.0,1e-07,1.0,0.5,20000,"{'criterion': 'mae', 'max_depth': 10000, 'max_features': 'log2', 'max_leaf_nodes': 10000, 'max_samples': 0.31726237247846467, 'min_impurity_decrease': 1.0, 'min_samples_leaf': 1e-07, 'min_samples_split': 1.0, 'min_weight_fraction_leaf': 0.5, 'n_estimators': 20000}"
-11.6875,-12.21875,-11.59375,-24.3125,-12.78125,-16.741935483870968,-11.516129032258064,-13.0,-12.580645161290322,-13.129032258064516,-13.965079365079365,3.7583768641113364,1,29.33683524131775,5.186959647925414,11.142438745498657,2.694541782095537,mse,3975,auto,9600,0.1,0.07610141476452739,0.4330362954484219,0.5897737309906157,0.349575845293421,11703,"{'criterion': 'mse', 'max_depth': 3975, 'max_features': 'auto', 'max_leaf_nodes': 9600, 'max_samples': 0.1, 'min_impurity_decrease': 0.07610141476452739, 'min_samples_leaf': 0.4330362954484219, 'min_samples_split': 0.5897737309906157, 'min_weight_fraction_leaf': 0.349575845293421, 'n_estimators': 11703}"
-11.25,-13.15625,-13.03125,-25.8125,-10.46875,-14.516129032258064,-12.548387096774194,-13.548387096774194,-11.774193548387096,-10.903225806451612,-13.717460317460317,4.240618744836076,1,49.40106294155121,9.005857449077833,20.138902449607848,5.742274257098505,mae,10000,sqrt,10,0.35259345288973554,0.0,0.5,1.0,0.5,20000,"{'criterion': 'mae', 'max_depth': 10000, 'max_features': 'sqrt', 'max_leaf_nodes': 10, 'max_samples': 0.35259345288973554, 'min_impurity_decrease': 0.0, 'min_samples_leaf': 0.5, 'min_samples_split': 1.0, 'min_weight_fraction_leaf': 0.5, 'n_estimators': 20000}"
-11.25,-13.15625,-13.03125,-25.8125,-10.46875,-14.516129032258064,-12.548387096774194,-13.548387096774194,-11.774193548387096,-10.903225806451612,-13.717460317460317,4.240618744836076,1,13.813484716415406,2.4018805449714065,5.390188765525818,1.552712162821,mae,1557,log2,310,0.28642896126815875,0.16330255538930727,0.4592233122880806,0.7523954310239659,0.017645752119801572,5366,"{'criterion': 'mae', 'max_depth': 1557, 'max_features': 'log2', 'max_leaf_nodes': 310, 'max_samples': 0.28642896126815875, 'min_impurity_decrease': 0.16330255538930727, 'min_samples_leaf': 0.4592233122880806, 'min_samples_split': 0.7523954310239659, 'min_weight_fraction_leaf': 0.017645752119801572, 'n_estimators': 5366}"
-11.25,-13.15625,-13.03125,-25.8125,-10.46875,-14.516129032258064,-12.548387096774194,-13.548387096774194,-11.774193548387096,-10.903225806451612,-13.717460317460317,4.240618744836076,1,47.58718664646149,7.215764262570502,18.160706567764283,5.095286084620972,mae,486,auto,6717,0.3393274427968602,0.02096631967149532,0.475133188417498,0.09599834200797794,0.3750730209422313,18797,"{'criterion': 'mae', 'max_depth': 486, 'max_features': 'auto', 'max_leaf_nodes': 6717, 'max_samples': 0.3393274427968602, 'min_impurity_decrease': 0.02096631967149532, 'min_samples_leaf': 0.475133188417498, 'min_samples_split': 0.09599834200797794, 'min_weight_fraction_leaf': 0.3750730209422313, 'n_estimators': 18797}"
-11.25,-13.15625,-13.03125,-25.8125,-10.46875,-14.516129032258064,-12.548387096774194,-13.548387096774194,-11.774193548387096,-10.903225806451612,-13.717460317460317,4.240618744836076,1,47.01376190185547,8.833812207341502,17.308771467208864,4.317682844172668,mae,9678,sqrt,8884,0.25144157085788865,0.11711348048254913,0.021304648614476555,0.8586789722265402,0.015972414313349118,18779,"{'criterion': 'mae', 'max_depth': 9678, 'max_features': 'sqrt', 'max_leaf_nodes': 8884, 'max_samples': 0.25144157085788865, 'min_impurity_decrease': 0.11711348048254913, 'min_samples_leaf': 0.021304648614476555, 'min_samples_split': 0.8586789722265402, 'min_weight_fraction_leaf': 0.015972414313349118, 'n_estimators': 18779}"
-11.25,-13.25,-12.65625,-25.4375,-10.71875,-14.064516129032258,-12.483870967741936,-13.483870967741936,-11.612903225806452,-10.35483870967742,-13.549206349206349,4.160516737585398,1,49.37494513988495,8.172494023925742,19.00179190635681,5.18490445526133,mae,1746,log2,1605,0.35235714232928095,0.013894334847261994,0.06237558103176248,0.0942288396148021,0.3057751517261292,19302,"{'criterion': 'mae', 'max_depth': 1746, 'max_features': 'log2', 'max_leaf_nodes': 1605, 'max_samples': 0.35235714232928095, 'min_impurity_decrease': 0.013894334847261994, 'min_samples_leaf': 0.06237558103176248, 'min_samples_split': 0.0942288396148021, 'min_weight_fraction_leaf': 0.3057751517261292, 'n_estimators': 19302}"
-11.3125,-13.15625,-12.65625,-25.8125,-10.96875,-14.516129032258064,-12.548387096774194,-13.548387096774194,-11.774193548387096,-10.903225806451612,-13.736507936507936,4.208739245781271,1,51.950830245018004,10.10568629314862,22.556634163856508,6.549968601711537,mae,2,sqrt,10000,0.1,0.0,0.5,1e-07,0.5,20000,"{'criterion': 'mae', 'max_depth': 2, 'max_features': 'sqrt', 'max_leaf_nodes': 10000, 'max_samples': 0.1, 'min_impurity_decrease': 0.0, 'min_samples_leaf': 0.5, 'min_samples_split': 1e-07, 'min_weight_fraction_leaf': 0.5, 'n_estimators': 20000}"
-11.3125,-13.25,-12.65625,-25.4375,-10.75,-14.161290322580646,-12.516129032258064,-13.516129032258064,-11.67741935483871,-10.419354838709678,-13.587301587301587,4.147433881080444,1,50.14418203830719,9.338683463764868,19.7441547870636,5.231569589545694,mae,984,log2,1969,0.31108680943696376,0.0,1e-07,1e-07,0.34724689700414607,19629,"{'criterion': 'mae', 'max_depth': 984, 'max_features': 'log2', 'max_leaf_nodes': 1969, 'max_samples': 0.31108680943696376, 'min_impurity_decrease': 0.0, 'min_samples_leaf': 1e-07, 'min_samples_split': 1e-07, 'min_weight_fraction_leaf': 0.34724689700414607, 'n_estimators': 19629}"
-11.25,-13.53125,-13.03125,-25.8125,-10.46875,-14.516129032258064,-12.548387096774194,-13.548387096774194,-11.612903225806452,-10.903225806451612,-13.739682539682539,4.244776969081237,1,51.52915794849396,9.132777082716073,19.534791040420533,5.046913737076373,mae,1648,log2,1115,0.6855984424938179,0.02340507331368726,1e-07,0.003243110989426256,0.5,20000,"{'criterion': 'mae', 'max_depth': 1648, 'max_features': 'log2', 'max_leaf_nodes': 1115, 'max_samples': 0.6855984424938179, 'min_impurity_decrease': 0.02340507331368726, 'min_samples_leaf': 1e-07, 'min_samples_split': 0.003243110989426256, 'min_weight_fraction_leaf': 0.5, 'n_estimators': 20000}"
-11.25,-13.28125,-12.5625,-25.375,-10.75,-14.03225806451613,-12.483870967741936,-13.419354838709678,-11.580645161290322,-10.387096774193548,-13.53015873015873,4.140952444593375,1,51.854426050186156,8.659780121307763,18.727977180480956,4.961887428537337,mae,2,log2,10,0.2722677331926935,0.0,1e-07,0.016392409199481178,0.2880997481202207,20000,"{'criterion': 'mae', 'max_depth': 2, 'max_features': 'log2', 'max_leaf_nodes': 10, 'max_samples': 0.2722677331926935, 'min_impurity_decrease': 0.0, 'min_samples_leaf': 1e-07, 'min_samples_split': 0.016392409199481178, 'min_weight_fraction_leaf': 0.2880997481202207, 'n_estimators': 20000}"
-11.3125,-13.15625,-13.03125,-25.8125,-10.46875,-14.516129032258064,-12.548387096774194,-13.548387096774194,-11.774193548387096,-10.903225806451612,-13.723809523809523,4.236964836130055,1,40.69791510105133,7.541181770773676,15.61636254787445,4.317478109425217,mae,10000,log2,10,0.17252144168351569,0.0,0.5,1.0,0.27413066581636586,15659,"{'criterion': 'mae', 'max_depth': 10000, 'max_features': 'log2', 'max_leaf_nodes': 10, 'max_samples': 0.17252144168351569, 'min_impurity_decrease': 0.0, 'min_samples_leaf': 0.5, 'min_samples_split': 1.0, 'min_weight_fraction_leaf': 0.27413066581636586, 'n_estimators': 15659}"
-11.25,-13.3125,-12.53125,-25.375,-10.78125,-14.161290322580646,-12.483870967741936,-13.419354838709678,-11.67741935483871,-10.483870967741936,-13.565079365079365,4.129492598453872,1,53.854624485969545,10.012800515950579,19.84623601436615,4.93839640721635,mae,2,log2,10,0.16542200802708326,0.0,1e-07,1e-07,0.30152374787795144,20000,"{'criterion': 'mae', 'max_depth': 2, 'max_features': 'log2', 'max_leaf_nodes': 10, 'max_samples': 0.16542200802708326, 'min_impurity_decrease': 0.0, 'min_samples_leaf': 1e-07, 'min_samples_split': 1e-07, 'min_weight_fraction_leaf': 0.30152374787795144, 'n_estimators': 20000}"
-11.25,-13.3125,-12.65625,-25.75,-10.71875,-14.483870967741936,-12.580645161290322,-13.548387096774194,-11.64516129032258,-10.548387096774194,-13.666666666666666,4.238783729609286,1,20.273042464256285,3.749000568190595,7.297358465194702,1.960181603751215,mae,4425,log2,7998,0.38771691851866374,0.735669217651998,1e-07,1e-07,0.23065165517652633,7548,"{'criterion': 'mae', 'max_depth': 4425, 'max_features': 'log2', 'max_leaf_nodes': 7998, 'max_samples': 0.38771691851866374, 'min_impurity_decrease': 0.735669217651998, 'min_samples_leaf': 1e-07, 'min_samples_split': 1e-07, 'min_weight_fraction_leaf': 0.23065165517652633, 'n_estimators': 7548}"
-11.25,-13.53125,-13.03125,-25.8125,-10.46875,-14.516129032258064,-12.838709677419354,-13.548387096774194,-11.612903225806452,-10.903225806451612,-13.768253968253969,4.2376333130980575,1,51.93272852897644,8.857196601179666,19.88562650680542,5.326741877861714,mae,2,log2,10,0.8508419864210627,0.0,0.46933643524917446,0.3823830293531818,0.25862774628453455,20000,"{'criterion': 'mae', 'max_depth': 2, 'max_features': 'log2', 'max_leaf_nodes': 10, 'max_samples': 0.8508419864210627, 'min_impurity_decrease': 0.0, 'min_samples_leaf': 0.46933643524917446, 'min_samples_split': 0.3823830293531818, 'min_weight_fraction_leaf': 0.25862774628453455, 'n_estimators': 20000}"
-11.25,-13.625,-13.03125,-25.8125,-10.46875,-14.516129032258064,-12.774193548387096,-13.548387096774194,-11.612903225806452,-10.903225806451612,-13.771428571428572,4.238645759822166,1,25.371797466278075,4.225863085858325,10.194494438171386,3.0784634892860883,mae,7652,sqrt,9904,0.9999999,0.9418707541575068,1e-07,1e-07,0.0,8168,"{'criterion': 'mae', 'max_depth': 7652, 'max_features': 'sqrt', 'max_leaf_nodes': 9904, 'max_samples': 0.9999999, 'min_impurity_decrease': 0.9418707541575068, 'min_samples_leaf': 1e-07, 'min_samples_split': 1e-07, 'min_weight_fraction_leaf': 0.0, 'n_estimators': 8168}"
-11.25,-13.28125,-12.53125,-25.375,-10.71875,-14.0,-12.516129032258064,-13.419354838709678,-11.580645161290322,-10.35483870967742,-13.52063492063492,4.1450962189015685,1,52.89744980335236,8.82115467075941,23.45299780368805,5.9683536455648785,mae,1180,log2,10,0.3425854866382283,0.0,1e-07,1e-07,0.2696994672006506,20000,"{'criterion': 'mae', 'max_depth': 1180, 'max_features': 'log2', 'max_leaf_nodes': 10, 'max_samples': 0.3425854866382283, 'min_impurity_decrease': 0.0, 'min_samples_leaf': 1e-07, 'min_samples_split': 1e-07, 'min_weight_fraction_leaf': 0.2696994672006506, 'n_estimators': 20000}"
-11.25,-13.25,-12.65625,-25.84375,-10.75,-14.516129032258064,-12.548387096774194,-13.548387096774194,-11.64516129032258,-10.806451612903226,-13.698412698412698,4.247830239144017,1,55.7397702217102,9.288211545522945,22.84235289096832,6.461541373179592,mae,10000,sqrt,10,0.28990169035050917,1.0,1e-07,1e-07,0.23097287881917894,20000,"{'criterion': 'mae', 'max_depth': 10000, 'max_features': 'sqrt', 'max_leaf_nodes': 10, 'max_samples': 0.28990169035050917, 'min_impurity_decrease': 1.0, 'min_samples_leaf': 1e-07, 'min_samples_split': 1e-07, 'min_weight_fraction_leaf': 0.23097287881917894, 'n_estimators': 20000}"
-11.28125,-13.34375,-12.3125,-25.375,-10.78125,-13.96774193548387,-12.451612903225806,-13.387096774193548,-11.548387096774194,-10.32258064516129,-13.495238095238095,4.14987473294959,1,28.92594690322876,5.010645684387874,11.268291807174682,2.9683418545719884,mae,9131,log2,2121,0.3013608420891236,0.0,1e-07,0.10894381931739798,0.2305147406378268,10990,"{'criterion': 'mae', 'max_depth': 9131, 'max_features': 'log2', 'max_leaf_nodes': 2121, 'max_samples': 0.3013608420891236, 'min_impurity_decrease': 0.0, 'min_samples_leaf': 1e-07, 'min_samples_split': 0.10894381931739798, 'min_weight_fraction_leaf': 0.2305147406378268, 'n_estimators': 10990}"
-11.3125,-13.15625,-12.25,-25.28125,-10.6875,-13.903225806451612,-12.451612903225806,-13.290322580645162,-11.548387096774194,-10.03225806451613,-13.40952380952381,4.151998781895989,1,52.55783009529114,8.708475922549836,20.040211057662965,5.3645408629646925,mae,2,log2,10,0.32125554016534325,0.0,1e-07,0.05614206654399949,0.17737866885452744,20000,"{'criterion': 'mae', 'max_depth': 2, 'max_features': 'log2', 'max_leaf_nodes': 10, 'max_samples': 0.32125554016534325, 'min_impurity_decrease': 0.0, 'min_samples_leaf': 1e-07, 'min_samples_split': 0.05614206654399949, 'min_weight_fraction_leaf': 0.17737866885452744, 'n_estimators': 20000}"
-11.75,-12.53125,-12.25,-24.21875,-10.125,-12.67741935483871,-11.903225806451612,-12.741935483870968,-11.225806451612904,-8.96774193548387,-12.86031746031746,3.9861307239059376,1,38.104451990127565,5.286936209710031,14.031853342056275,3.522096390255816,mae,4420,log2,1226,0.39220769527456956,0.0,1e-07,0.05449352076009872,0.026507137308498865,13324,"{'criterion': 'mae', 'max_depth': 4420, 'max_features': 'log2', 'max_leaf_nodes': 1226, 'max_samples': 0.39220769527456956, 'min_impurity_decrease': 0.0, 'min_samples_leaf': 1e-07, 'min_samples_split': 0.05449352076009872, 'min_weight_fraction_leaf': 0.026507137308498865, 'n_estimators': 13324}"
-11.3125,-13.15625,-12.65625,-25.8125,-10.96875,-14.516129032258064,-12.548387096774194,-13.548387096774194,-11.774193548387096,-10.903225806451612,-13.736507936507936,4.208739245781271,1,13.327807307243347,2.570221835175094,5.163887166976929,1.305867802297299,mae,10000,auto,10000,0.1,0.0,0.5,1e-07,0.0,5000,"{'criterion': 'mae', 'max_depth': 10000, 'max_features': 'auto', 'max_leaf_nodes': 10000, 'max_samples': 0.1, 'min_impurity_decrease': 0.0, 'min_samples_leaf': 0.5, 'min_samples_split': 1e-07, 'min_weight_fraction_leaf': 0.0, 'n_estimators': 5000}"
-11.875,-12.6875,-12.25,-23.9375,-9.9375,-12.32258064516129,-11.67741935483871,-12.516129032258064,-11.258064516129032,-8.612903225806452,-12.73015873015873,3.9574554302265,1,35.33817873001099,4.660200422683565,11.368960499763489,3.0639755925624104,mae,5063,log2,5754,0.9999999,0.0,0.011406942830005538,0.001530991791771189,0.0,11167,"{'criterion': 'mae', 'max_depth': 5063, 'max_features': 'log2', 'max_leaf_nodes': 5754, 'max_samples': 0.9999999, 'min_impurity_decrease': 0.0, 'min_samples_leaf': 0.011406942830005538, 'min_samples_split': 0.001530991791771189, 'min_weight_fraction_leaf': 0.0, 'n_estimators': 11167}"
-11.25,-13.53125,-13.03125,-25.8125,-10.46875,-14.516129032258064,-12.838709677419354,-13.774193548387096,-11.612903225806452,-10.903225806451612,-13.790476190476191,4.237014081792769,1,53.067161774635316,8.919355492154205,21.329872298240662,5.330225308604895,mae,421,log2,1695,0.9999999,0.0,0.46160315232319904,0.03635595501973202,0.0,19550,"{'criterion': 'mae', 'max_depth': 421, 'max_features': 'log2', 'max_leaf_nodes': 1695, 'max_samples': 0.9999999, 'min_impurity_decrease': 0.0, 'min_samples_leaf': 0.46160315232319904, 'min_samples_split': 0.03635595501973202, 'min_weight_fraction_leaf': 0.0, 'n_estimators': 19550}"
-11.25,-13.53125,-13.03125,-25.8125,-10.46875,-14.516129032258064,-12.838709677419354,-13.774193548387096,-11.612903225806452,-10.903225806451612,-13.790476190476191,4.237014081792769,1,14.274801635742188,1.8306428171767715,6.3318514108657835,1.701199183676873,mae,10000,log2,10000,0.9999999,0.0,1e-07,1.0,0.0,5000,"{'criterion': 'mae', 'max_depth': 10000, 'max_features': 'log2', 'max_leaf_nodes': 10000, 'max_samples': 0.9999999, 'min_impurity_decrease': 0.0, 'min_samples_leaf': 1e-07, 'min_samples_split': 1.0, 'min_weight_fraction_leaf': 0.0, 'n_estimators': 5000}"
-13.375,-12.375,-12.71875,-21.3125,-10.1875,-11.32258064516129,-10.290322580645162,-14.35483870967742,-12.161290322580646,-9.290322580645162,-12.75873015873016,3.229627740298898,1,29.663600158691406,2.3087357099168906,6.162545132637024,1.8959019759933873,mae,1922,auto,6624,0.9999999,0.0,1e-07,1e-07,0.0,5000,"{'criterion': 'mae', 'max_depth': 1922, 'max_features': 'auto', 'max_leaf_nodes': 6624, 'max_samples': 0.9999999, 'min_impurity_decrease': 0.0, 'min_samples_leaf': 1e-07, 'min_samples_split': 1e-07, 'min_weight_fraction_leaf': 0.0, 'n_estimators': 5000}"
-11.375,-13.03125,-12.0625,-24.90625,-10.15625,-13.258064516129032,-12.193548387096774,-13.129032258064516,-11.35483870967742,-9.35483870967742,-13.101587301587301,4.1492077436335375,1,57.489738416671756,8.754932780594142,20.936494278907777,5.775353250397092,mae,5414,sqrt,1039,0.9999999,0.0,0.05589661846030553,1e-07,0.0,20000,"{'criterion': 'mae', 'max_depth': 5414, 'max_features': 'sqrt', 'max_leaf_nodes': 1039, 'max_samples': 0.9999999, 'min_impurity_decrease': 0.0, 'min_samples_leaf': 0.05589661846030553, 'min_samples_split': 1e-07, 'min_weight_fraction_leaf': 0.0, 'n_estimators': 20000}"
-11.84375,-12.75,-12.3125,-24.0625,-9.875,-12.419354838709678,-11.709677419354838,-12.580645161290322,-11.258064516129032,-8.548387096774194,-12.75873015873016,4.0024190970160225,1,57.10713057518005,6.632938813290462,19.0654128074646,5.0850994077575695,mae,442,sqrt,2325,0.9999999,0.0,0.010772636735346963,0.037187108283800153,0.0,17746,"{'criterion': 'mae', 'max_depth': 442, 'max_features': 'sqrt', 'max_leaf_nodes': 2325, 'max_samples': 0.9999999, 'min_impurity_decrease': 0.0, 'min_samples_leaf': 0.010772636735346963, 'min_samples_split': 0.037187108283800153, 'min_weight_fraction_leaf': 0.0, 'n_estimators': 17746}"
-11.8125,-12.78125,-12.21875,-24.09375,-9.90625,-12.35483870967742,-11.67741935483871,-12.580645161290322,-11.225806451612904,-8.67741935483871,-12.755555555555556,4.000521741589076,1,24.258186864852906,3.0579523204325256,8.347868490219117,2.3531633964353404,mae,4622,log2,735,0.9999999,0.0,0.010785781038687664,1e-07,0.0,7480,"{'criterion': 'mae', 'max_depth': 4622, 'max_features': 'log2', 'max_leaf_nodes': 735, 'max_samples': 0.9999999, 'min_impurity_decrease': 0.0, 'min_samples_leaf': 0.010785781038687664, 'min_samples_split': 1e-07, 'min_weight_fraction_leaf': 0.0, 'n_estimators': 7480}"
-11.4375,-13.03125,-12.28125,-25.0625,-10.15625,-13.32258064516129,-12.32258064516129,-13.161290322580646,-11.35483870967742,-9.35483870967742,-13.168253968253968,4.1841502923823235,1,47.38627407550812,6.888724016684069,18.403162693977357,5.212318758793497,mae,3149,log2,2518,0.8790114589977529,0.11417841662118508,1e-07,0.008094788578961292,0.011811020056055369,16435,"{'criterion': 'mae', 'max_depth': 3149, 'max_features': 'log2', 'max_leaf_nodes': 2518, 'max_samples': 0.8790114589977529, 'min_impurity_decrease': 0.11417841662118508, 'min_samples_leaf': 1e-07, 'min_samples_split': 0.008094788578961292, 'min_weight_fraction_leaf': 0.011811020056055369, 'n_estimators': 16435}"
-11.6875,-12.21875,-11.59375,-24.3125,-12.78125,-16.741935483870968,-11.741935483870968,-13.0,-12.580645161290322,-13.129032258064516,-13.987301587301587,3.7444730616816484,1,48.51926262378693,8.167270652432151,18.948105812072754,4.829575035279986,mse,7312,sqrt,6944,0.6242281616992096,0.994975035393997,0.3331003516451336,0.0593809304737485,0.48749287893051224,19211,"{'criterion': 'mse', 'max_depth': 7312, 'max_features': 'sqrt', 'max_leaf_nodes': 6944, 'max_samples': 0.6242281616992096, 'min_impurity_decrease': 0.994975035393997, 'min_samples_leaf': 0.3331003516451336, 'min_samples_split': 0.0593809304737485, 'min_weight_fraction_leaf': 0.48749287893051224, 'n_estimators': 19211}"
-11.6875,-12.21875,-11.59375,-24.3125,-12.75,-16.741935483870968,-11.580645161290322,-13.0,-12.580645161290322,-13.129032258064516,-13.968253968253968,3.75530478151433,1,14.584866285324097,2.9760272312698555,6.282351231575012,1.8511450595648382,mse,78,log2,1540,0.8102102965492959,0.023832719624137695,0.24676697980705775,0.023253724350468026,0.016177924742437018,5823,"{'criterion': 'mse', 'max_depth': 78, 'max_features': 'log2', 'max_leaf_nodes': 1540, 'max_samples': 0.8102102965492959, 'min_impurity_decrease': 0.023832719624137695, 'min_samples_leaf': 0.24676697980705775, 'min_samples_split': 0.023253724350468026, 'min_weight_fraction_leaf': 0.016177924742437018, 'n_estimators': 5823}"
-11.6875,-12.1875,-11.6875,-23.59375,-12.21875,-14.67741935483871,-11.290322580645162,-12.709677419354838,-11.903225806451612,-10.903225806451612,-13.301587301587302,3.593454792723174,1,49.4741489648819,8.69128456264309,19.972080492973326,5.331927635617821,mse,5892,sqrt,10000,0.1,0.0,0.008768272506877426,1e-07,0.0,19098,"{'criterion': 'mse', 'max_depth': 5892, 'max_features': 'sqrt', 'max_leaf_nodes': 10000, 'max_samples': 0.1, 'min_impurity_decrease': 0.0, 'min_samples_leaf': 0.008768272506877426, 'min_samples_split': 1e-07, 'min_weight_fraction_leaf': 0.0, 'n_estimators': 19098}"
-11.59375,-12.59375,-12.0625,-24.0625,-10.78125,-13.064516129032258,-11.774193548387096,-12.709677419354838,-11.35483870967742,-9.161290322580646,-12.936507936507937,3.8869362672135392,1,43.606023168563844,5.658503124375026,17.854996705055235,3.295590354527827,mae,2,auto,202,0.1,0.0,0.00986034761399326,1e-07,0.0,16645,"{'criterion': 'mae', 'max_depth': 2, 'max_features': 'auto', 'max_leaf_nodes': 202, 'max_samples': 0.1, 'min_impurity_decrease': 0.0, 'min_samples_leaf': 0.00986034761399326, 'min_samples_split': 1e-07, 'min_weight_fraction_leaf': 0.0, 'n_estimators': 16645}"
-13.1875,-12.0,-12.59375,-21.9375,-10.0,-11.774193548387096,-10.612903225806452,-12.516129032258064,-11.516129032258064,-8.67741935483871,-12.504761904761905,3.419478215593041,1,57.62007665634155,2.9861319688191252,13.528846526145935,3.5032328453123527,mae,9785,log2,3082,0.9999999,0.0,1e-07,1e-07,0.0,13115,"{'criterion': 'mae', 'max_depth': 9785, 'max_features': 'log2', 'max_leaf_nodes': 3082, 'max_samples': 0.9999999, 'min_impurity_decrease': 0.0, 'min_samples_leaf': 1e-07, 'min_samples_split': 1e-07, 'min_weight_fraction_leaf': 0.0, 'n_estimators': 13115}"
-11.90625,-12.78125,-12.625,-23.0625,-9.3125,-11.548387096774194,-11.096774193548388,-12.35483870967742,-11.0,-7.806451612903226,-12.374603174603175,3.882004368859797,1,80.94811413288116,12.122103095673014,21.201108145713807,4.379915557678588,mae,10000,auto,10,0.9999999,0.0,1e-07,1e-07,0.0,20000,"{'criterion': 'mae', 'max_depth': 10000, 'max_features': 'auto', 'max_leaf_nodes': 10, 'max_samples': 0.9999999, 'min_impurity_decrease': 0.0, 'min_samples_leaf': 1e-07, 'min_samples_split': 1e-07, 'min_weight_fraction_leaf': 0.0, 'n_estimators': 20000}"
-11.25,-13.53125,-13.03125,-25.8125,-10.46875,-14.516129032258064,-12.548387096774194,-13.548387096774194,-11.612903225806452,-10.903225806451612,-13.739682539682539,4.244776969081237,1,31.18259310722351,6.490985973339702,12.188150095939637,3.693001559006122,mae,5520,auto,5387,0.5402415688266022,0.9799716506673175,0.26160977358782245,0.9178692579854377,0.017413233936231065,11321,"{'criterion': 'mae', 'max_depth': 5520, 'max_features': 'auto', 'max_leaf_nodes': 5387, 'max_samples': 0.5402415688266022, 'min_impurity_decrease': 0.9799716506673175, 'min_samples_leaf': 0.26160977358782245, 'min_samples_split': 0.9178692579854377, 'min_weight_fraction_leaf': 0.017413233936231065, 'n_estimators': 11321}"
-13.03125,-12.03125,-12.53125,-21.8125,-9.96875,-11.774193548387096,-10.580645161290322,-12.387096774193548,-11.548387096774194,-8.709677419354838,-12.46031746031746,3.3806718931511446,1,86.17660295963287,1.9827433491548219,23.921429753303528,7.12379832049729,mae,10000,sqrt,10000,0.9999999,0.0,1e-07,1e-07,0.0,20000,"{'criterion': 'mae', 'max_depth': 10000, 'max_features': 'sqrt', 'max_leaf_nodes': 10000, 'max_samples': 0.9999999, 'min_impurity_decrease': 0.0, 'min_samples_leaf': 1e-07, 'min_samples_split': 1e-07, 'min_weight_fraction_leaf': 0.0, 'n_estimators': 20000}"
-11.875,-12.75,-12.59375,-23.0625,-9.46875,-11.548387096774194,-11.064516129032258,-12.32258064516129,-10.96774193548387,-7.806451612903226,-12.371428571428572,3.8718976623318406,1,78.82101867198944,14.049623577825477,21.926742839813233,5.730732223822586,mae,10000,auto,10,0.9999999,0.0,1e-07,1e-07,0.0,20000,"{'criterion': 'mae', 'max_depth': 10000, 'max_features': 'auto', 'max_leaf_nodes': 10, 'max_samples': 0.9999999, 'min_impurity_decrease': 0.0, 'min_samples_leaf': 1e-07, 'min_samples_split': 1e-07, 'min_weight_fraction_leaf': 0.0, 'n_estimators': 20000}"
-11.9375,-12.5,-12.4375,-22.90625,-9.21875,-11.387096774193548,-10.903225806451612,-12.419354838709678,-11.03225806451613,-8.03225806451613,-12.301587301587302,3.8259196712633816,1,80.326371884346,15.412304623149112,19.882634329795838,5.183339643744625,mae,10000,auto,10,0.9999999,0.0,1e-07,0.09319349520545651,0.0,20000,"{'criterion': 'mae', 'max_depth': 10000, 'max_features': 'auto', 'max_leaf_nodes': 10, 'max_samples': 0.9999999, 'min_impurity_decrease': 0.0, 'min_samples_leaf': 1e-07, 'min_samples_split': 0.09319349520545651, 'min_weight_fraction_leaf': 0.0, 'n_estimators': 20000}"
-11.8125,-12.65625,-12.1875,-23.8125,-9.4375,-11.67741935483871,-11.32258064516129,-12.548387096774194,-10.96774193548387,-8.290322580645162,-12.495238095238095,4.02391401576757,1,71.03624153137207,12.943201936352365,19.127196979522704,4.506846982648855,mae,10000,auto,10,0.9999999,0.0,1e-07,0.20263876666204586,0.0,20000,"{'criterion': 'mae', 'max_depth': 10000, 'max_features': 'auto', 'max_leaf_nodes': 10, 'max_samples': 0.9999999, 'min_impurity_decrease': 0.0, 'min_samples_leaf': 1e-07, 'min_samples_split': 0.20263876666204586, 'min_weight_fraction_leaf': 0.0, 'n_estimators': 20000}"
-11.9375,-12.4375,-12.5625,-22.9375,-9.28125,-11.32258064516129,-11.064516129032258,-12.451612903225806,-11.096774193548388,-7.935483870967742,-12.326984126984128,3.8348645633724936,1,76.06643679141999,14.47650560919681,19.899955439567567,5.48353271907318,mae,10000,auto,10,0.9999999,0.0,1e-07,0.07661161456367248,0.0,20000,"{'criterion': 'mae', 'max_depth': 10000, 'max_features': 'auto', 'max_leaf_nodes': 10, 'max_samples': 0.9999999, 'min_impurity_decrease': 0.0, 'min_samples_leaf': 1e-07, 'min_samples_split': 0.07661161456367248, 'min_weight_fraction_leaf': 0.0, 'n_estimators': 20000}"
-12.125,-12.03125,-12.3125,-22.40625,-9.34375,-11.193548387096774,-10.516129032258064,-12.451612903225806,-11.225806451612904,-8.193548387096774,-12.203174603174602,3.6706469506175603,1,87.9135149717331,13.773932543510957,27.431765413284303,6.723596427529686,mae,10000,auto,10000,0.9999999,0.0,1e-07,0.07703706265614606,0.0,20000,"{'criterion': 'mae', 'max_depth': 10000, 'max_features': 'auto', 'max_leaf_nodes': 10000, 'max_samples': 0.9999999, 'min_impurity_decrease': 0.0, 'min_samples_leaf': 1e-07, 'min_samples_split': 0.07703706265614606, 'min_weight_fraction_leaf': 0.0, 'n_estimators': 20000}"
-11.9375,-12.28125,-12.3125,-22.9375,-9.34375,-11.35483870967742,-10.67741935483871,-12.451612903225806,-11.161290322580646,-8.096774193548388,-12.27936507936508,3.8225113327819575,1,83.43403248786926,12.73113101402979,21.169381952285768,5.697825495527229,mae,10000,auto,10000,0.9999999,0.0,1e-07,0.10544683501514446,0.0,20000,"{'criterion': 'mae', 'max_depth': 10000, 'max_features': 'auto', 'max_leaf_nodes': 10000, 'max_samples': 0.9999999, 'min_impurity_decrease': 0.0, 'min_samples_leaf': 1e-07, 'min_samples_split': 0.10544683501514446, 'min_weight_fraction_leaf': 0.0, 'n_estimators': 20000}"
-12.125,-12.0625,-12.34375,-22.34375,-9.34375,-11.129032258064516,-10.451612903225806,-12.516129032258064,-11.258064516129032,-8.193548387096774,-12.2,3.657430501740806,1,84.70408914089202,14.502712796848364,22.180819940567016,6.258369865129484,mae,10000,auto,10000,0.9999999,0.0,1e-07,0.0723310856424339,0.0,20000,"{'criterion': 'mae', 'max_depth': 10000, 'max_features': 'auto', 'max_leaf_nodes': 10000, 'max_samples': 0.9999999, 'min_impurity_decrease': 0.0, 'min_samples_leaf': 1e-07, 'min_samples_split': 0.0723310856424339, 'min_weight_fraction_leaf': 0.0, 'n_estimators': 20000}"
-12.125,-12.03125,-12.34375,-22.21875,-9.28125,-11.193548387096774,-10.419354838709678,-12.516129032258064,-11.32258064516129,-8.225806451612904,-12.19047619047619,3.6220768610104774,1,87.51473534107208,14.806074465183102,21.358957767486572,6.041092084767528,mae,10000,auto,10000,0.9999999,0.0,1e-07,0.06611219135393603,0.0,20000,"{'criterion': 'mae', 'max_depth': 10000, 'max_features': 'auto', 'max_leaf_nodes': 10000, 'max_samples': 0.9999999, 'min_impurity_decrease': 0.0, 'min_samples_leaf': 1e-07, 'min_samples_split': 0.06611219135393603, 'min_weight_fraction_leaf': 0.0, 'n_estimators': 20000}"
-12.375,-12.03125,-12.4375,-22.03125,-9.25,-11.096774193548388,-10.32258064516129,-12.516129032258064,-11.483870967741936,-8.35483870967742,-12.212698412698412,3.563203565822842,1,90.17827174663543,13.783407886006701,22.155872082710268,6.048388880803692,mae,10000,auto,10000,0.9999999,0.0,1e-07,0.05602704743487338,0.0,20000,"{'criterion': 'mae', 'max_depth': 10000, 'max_features': 'auto', 'max_leaf_nodes': 10000, 'max_samples': 0.9999999, 'min_impurity_decrease': 0.0, 'min_samples_leaf': 1e-07, 'min_samples_split': 0.05602704743487338, 'min_weight_fraction_leaf': 0.0, 'n_estimators': 20000}"
-12.3125,-12.0,-12.53125,-22.03125,-9.1875,-11.064516129032258,-10.35483870967742,-12.64516129032258,-11.451612903225806,-8.290322580645162,-12.209523809523809,3.577422543087195,1,26.95543463230133,4.565863458027041,5.812916803359985,1.540632302435298,mae,10000,auto,10000,0.9999999,0.0,1e-07,0.05159066158144663,0.0,5933,"{'criterion': 'mae', 'max_depth': 10000, 'max_features': 'auto', 'max_leaf_nodes': 10000, 'max_samples': 0.9999999, 'min_impurity_decrease': 0.0, 'min_samples_leaf': 1e-07, 'min_samples_split': 0.05159066158144663, 'min_weight_fraction_leaf': 0.0, 'n_estimators': 5933}"
-12.15625,-12.21875,-12.25,-22.375,-9.5625,-11.419354838709678,-10.64516129032258,-12.516129032258064,-11.225806451612904,-8.096774193548388,-12.26984126984127,3.643861924374835,1,19.216230750083923,3.099885226832519,4.960856699943543,1.5316044545797434,mae,10000,auto,10000,0.6109543879059298,0.0,1e-07,0.05463288345029904,0.0,5000,"{'criterion': 'mae', 'max_depth': 10000, 'max_features': 'auto', 'max_leaf_nodes': 10000, 'max_samples': 0.6109543879059298, 'min_impurity_decrease': 0.0, 'min_samples_leaf': 1e-07, 'min_samples_split': 0.05463288345029904, 'min_weight_fraction_leaf': 0.0, 'n_estimators': 5000}"
-12.34375,-12.03125,-12.46875,-21.96875,-9.28125,-11.0,-10.258064516129032,-12.67741935483871,-11.451612903225806,-8.32258064516129,-12.203174603174602,3.555564288960911,1,23.09360876083374,3.8613495285016146,4.942836833000183,1.4653968774035926,mae,10000,auto,10000,0.9999999,0.0,1e-07,0.046390008342046145,0.0,5000,"{'criterion': 'mae', 'max_depth': 10000, 'max_features': 'auto', 'max_leaf_nodes': 10000, 'max_samples': 0.9999999, 'min_impurity_decrease': 0.0, 'min_samples_leaf': 1e-07, 'min_samples_split': 0.046390008342046145, 'min_weight_fraction_leaf': 0.0, 'n_estimators': 5000}"
-12.40625,-12.0,-12.46875,-22.09375,-9.34375,-11.161290322580646,-10.387096774193548,-12.612903225806452,-11.483870967741936,-8.32258064516129,-12.250793650793652,3.5724443398192562,1,90.22015340328217,14.329047333959773,20.668631935119627,4.553800492754039,mae,10000,auto,10000,0.9999999,0.0,1e-07,0.05043351431918492,0.0,20000,"{'criterion': 'mae', 'max_depth': 10000, 'max_features': 'auto', 'max_leaf_nodes': 10000, 'max_samples': 0.9999999, 'min_impurity_decrease': 0.0, 'min_samples_leaf': 1e-07, 'min_samples_split': 0.05043351431918492, 'min_weight_fraction_leaf': 0.0, 'n_estimators': 20000}"
-12.3125,-12.0,-12.40625,-22.21875,-9.1875,-11.225806451612904,-10.35483870967742,-12.516129032258064,-11.32258064516129,-8.258064516129032,-12.203174603174602,3.62928633653721,1,23.281294751167298,4.013978934551034,5.985354065895081,1.1962889468586884,mae,10000,auto,10000,0.9999999,0.0,1e-07,0.0629149698068022,0.0,5000,"{'criterion': 'mae', 'max_depth': 10000, 'max_features': 'auto', 'max_leaf_nodes': 10000, 'max_samples': 0.9999999, 'min_impurity_decrease': 0.0, 'min_samples_leaf': 1e-07, 'min_samples_split': 0.0629149698068022, 'min_weight_fraction_leaf': 0.0, 'n_estimators': 5000}"
-12.3125,-12.0625,-12.46875,-22.1875,-9.25,-11.096774193548388,-10.451612903225806,-12.548387096774194,-11.419354838709678,-8.193548387096774,-12.222222222222221,3.619347955632392,1,22.266136932373048,4.066227369658072,4.878730058670044,1.275756752586074,mae,10000,auto,10000,0.9999999,0.0,1e-07,0.06216968028556916,0.0,5000,"{'criterion': 'mae', 'max_depth': 10000, 'max_features': 'auto', 'max_leaf_nodes': 10000, 'max_samples': 0.9999999, 'min_impurity_decrease': 0.0, 'min_samples_leaf': 1e-07, 'min_samples_split': 0.06216968028556916, 'min_weight_fraction_leaf': 0.0, 'n_estimators': 5000}"
-12.375,-12.0625,-12.4375,-22.0625,-9.34375,-11.096774193548388,-10.419354838709678,-12.612903225806452,-11.516129032258064,-8.290322580645162,-12.244444444444444,3.566195826640611,1,22.567401671409606,2.9718856288999937,5.520628714561463,1.1971877922962695,mae,10000,auto,10000,0.9999999,0.0,1e-07,0.05287017672660524,0.0,5000,"{'criterion': 'mae', 'max_depth': 10000, 'max_features': 'auto', 'max_leaf_nodes': 10000, 'max_samples': 0.9999999, 'min_impurity_decrease': 0.0, 'min_samples_leaf': 1e-07, 'min_samples_split': 0.05287017672660524, 'min_weight_fraction_leaf': 0.0, 'n_estimators': 5000}"
-12.1875,-12.0625,-12.46875,-22.1875,-9.1875,-11.161290322580646,-10.32258064516129,-12.451612903225806,-11.290322580645162,-8.258064516129032,-12.18095238095238,3.624103270520523,1,88.79032237529755,13.133923148498555,21.5040643453598,4.727856957517922,mae,10000,auto,10000,0.9999999,0.0,1e-07,0.06449000231622408,0.0,20000,"{'criterion': 'mae', 'max_depth': 10000, 'max_features': 'auto', 'max_leaf_nodes': 10000, 'max_samples': 0.9999999, 'min_impurity_decrease': 0.0, 'min_samples_leaf': 1e-07, 'min_samples_split': 0.06449000231622408, 'min_weight_fraction_leaf': 0.0, 'n_estimators': 20000}"
-12.09375,-12.125,-12.34375,-22.34375,-9.3125,-11.129032258064516,-10.64516129032258,-12.483870967741936,-11.225806451612904,-8.258064516129032,-12.219047619047618,3.644816734971265,1,28.042046356201173,5.332429345096291,6.72462306022644,1.92847142827674,mae,10000,auto,10000,0.9999999,0.0,1e-07,0.07712141481524809,0.0,6439,"{'criterion': 'mae', 'max_depth': 10000, 'max_features': 'auto', 'max_leaf_nodes': 10000, 'max_samples': 0.9999999, 'min_impurity_decrease': 0.0, 'min_samples_leaf': 1e-07, 'min_samples_split': 0.07712141481524809, 'min_weight_fraction_leaf': 0.0, 'n_estimators': 6439}"
-12.1875,-12.09375,-12.40625,-22.15625,-9.28125,-11.225806451612904,-10.516129032258064,-12.451612903225806,-11.290322580645162,-8.193548387096774,-12.203174603174602,3.6028790556635433,1,22.23108811378479,3.594447540857096,5.755138850212097,1.5611694784466563,mae,10000,auto,10000,0.9999999,0.0,1e-07,0.06841639781573171,0.0,5000,"{'criterion': 'mae', 'max_depth': 10000, 'max_features': 'auto', 'max_leaf_nodes': 10000, 'max_samples': 0.9999999, 'min_impurity_decrease': 0.0, 'min_samples_leaf': 1e-07, 'min_samples_split': 0.06841639781573171, 'min_weight_fraction_leaf': 0.0, 'n_estimators': 5000}"
-12.21875,-12.09375,-12.53125,-22.1875,-9.25,-11.225806451612904,-10.35483870967742,-12.483870967741936,-11.35483870967742,-8.225806451612904,-12.215873015873015,3.6180829754242443,1,69.85034132003784,13.379801501686185,16.239185690879822,4.7565968673277235,mae,10000,auto,10000,0.9999999,0.0,1e-07,0.06079550705998672,0.0,15590,"{'criterion': 'mae', 'max_depth': 10000, 'max_features': 'auto', 'max_leaf_nodes': 10000, 'max_samples': 0.9999999, 'min_impurity_decrease': 0.0, 'min_samples_leaf': 1e-07, 'min_samples_split': 0.06079550705998672, 'min_weight_fraction_leaf': 0.0, 'n_estimators': 15590}"
-12.25,-12.0,-12.4375,-22.125,-9.21875,-11.129032258064516,-10.35483870967742,-12.516129032258064,-11.32258064516129,-8.258064516129032,-12.184126984126983,3.6031047576751543,1,76.04679913520813,9.901576806610473,20.34992735385895,5.323515324900025,mae,10000,auto,10000,0.9999999,0.0,1e-07,0.05733461775611949,0.0,16378,"{'criterion': 'mae', 'max_depth': 10000, 'max_features': 'auto', 'max_leaf_nodes': 10000, 'max_samples': 0.9999999, 'min_impurity_decrease': 0.0, 'min_samples_leaf': 1e-07, 'min_samples_split': 0.05733461775611949, 'min_weight_fraction_leaf': 0.0, 'n_estimators': 16378}"
-12.125,-12.0625,-12.4375,-22.1875,-9.3125,-11.129032258064516,-10.32258064516129,-12.516129032258064,-11.35483870967742,-8.193548387096774,-12.187301587301587,3.62049445122617,1,22.98707797527313,3.9729288374911245,5.44612078666687,1.5085834398841875,mae,10000,auto,10000,0.9999999,0.0,1e-07,0.06395241415874299,0.0,5000,"{'criterion': 'mae', 'max_depth': 10000, 'max_features': 'auto', 'max_leaf_nodes': 10000, 'max_samples': 0.9999999, 'min_impurity_decrease': 0.0, 'min_samples_leaf': 1e-07, 'min_samples_split': 0.06395241415874299, 'min_weight_fraction_leaf': 0.0, 'n_estimators': 5000}"
-12.15625,-12.0625,-12.4375,-22.28125,-9.25,-11.193548387096774,-10.32258064516129,-12.580645161290322,-11.35483870967742,-8.290322580645162,-12.215873015873015,3.640267726779984,1,79.54735782146454,13.392604148389475,20.90550515651703,5.868788779711359,mae,10000,auto,10000,0.9999999,0.0,1e-07,0.06363425505310383,0.0,18451,"{'criterion': 'mae', 'max_depth': 10000, 'max_features': 'auto', 'max_leaf_nodes': 10000, 'max_samples': 0.9999999, 'min_impurity_decrease': 0.0, 'min_samples_leaf': 1e-07, 'min_samples_split': 0.06363425505310383, 'min_weight_fraction_leaf': 0.0, 'n_estimators': 18451}"
-12.125,-12.0625,-12.34375,-22.34375,-9.375,-11.193548387096774,-10.548387096774194,-12.548387096774194,-11.193548387096774,-8.161290322580646,-12.212698412698412,3.6541826002357043,1,85.16559898853302,16.13507851653014,20.150619649887084,5.622453764653625,mae,10000,auto,10000,0.9999999,0.0,1e-07,0.07354103303488559,0.0,20000,"{'criterion': 'mae', 'max_depth': 10000, 'max_features': 'auto', 'max_leaf_nodes': 10000, 'max_samples': 0.9999999, 'min_impurity_decrease': 0.0, 'min_samples_leaf': 1e-07, 'min_samples_split': 0.07354103303488559, 'min_weight_fraction_leaf': 0.0, 'n_estimators': 20000}"
-12.28125,-12.09375,-12.46875,-22.15625,-9.15625,-11.193548387096774,-10.419354838709678,-12.483870967741936,-11.35483870967742,-8.258064516129032,-12.209523809523809,3.611013307307507,1,89.43228516578674,11.306935745756896,28.286741614341736,9.440622535924406,mae,10000,auto,10000,0.9999999,0.0,1e-07,0.06098279835673968,0.0,20000,"{'criterion': 'mae', 'max_depth': 10000, 'max_features': 'auto', 'max_leaf_nodes': 10000, 'max_samples': 0.9999999, 'min_impurity_decrease': 0.0, 'min_samples_leaf': 1e-07, 'min_samples_split': 0.06098279835673968, 'min_weight_fraction_leaf': 0.0, 'n_estimators': 20000}"
-12.125,-12.125,-12.34375,-22.25,-9.21875,-11.225806451612904,-10.451612903225806,-12.419354838709678,-11.419354838709678,-8.225806451612904,-12.203174603174602,3.63042540782933,1,21.797024369239807,4.077764829798001,5.097210383415222,1.2586776222729503,mae,10000,auto,10000,0.9999999,0.0,1e-07,0.06591827103836712,0.0,5000,"{'criterion': 'mae', 'max_depth': 10000, 'max_features': 'auto', 'max_leaf_nodes': 10000, 'max_samples': 0.9999999, 'min_impurity_decrease': 0.0, 'min_samples_leaf': 1e-07, 'min_samples_split': 0.06591827103836712, 'min_weight_fraction_leaf': 0.0, 'n_estimators': 5000}"
-11.6875,-12.21875,-11.59375,-24.3125,-12.78125,-16.741935483870968,-11.741935483870968,-13.0,-12.580645161290322,-13.129032258064516,-13.987301587301587,3.7444730616816484,1,51.07679250240326,10.70187569466403,19.903505420684816,5.346572719087773,mse,2,log2,10000,0.9999999,1.0,0.5,1.0,0.0,20000,"{'criterion': 'mse', 'max_depth': 2, 'max_features': 'log2', 'max_leaf_nodes': 10000, 'max_samples': 0.9999999, 'min_impurity_decrease': 1.0, 'min_samples_leaf': 0.5, 'min_samples_split': 1.0, 'min_weight_fraction_leaf': 0.0, 'n_estimators': 20000}"
-12.09375,-12.15625,-12.375,-22.125,-9.21875,-11.225806451612904,-10.32258064516129,-12.483870967741936,-11.35483870967742,-8.161290322580646,-12.174603174603174,3.61072686212097,1,22.043246364593507,3.939146766656824,5.111925983428955,1.4614118687227082,mae,10000,auto,10000,0.9999999,0.0,1e-07,0.06342639190825101,0.0,5000,"{'criterion': 'mae', 'max_depth': 10000, 'max_features': 'auto', 'max_leaf_nodes': 10000, 'max_samples': 0.9999999, 'min_impurity_decrease': 0.0, 'min_samples_leaf': 1e-07, 'min_samples_split': 0.06342639190825101, 'min_weight_fraction_leaf': 0.0, 'n_estimators': 5000}"
-12.15625,-12.03125,-12.34375,-22.25,-9.1875,-11.225806451612904,-10.451612903225806,-12.516129032258064,-11.419354838709678,-8.193548387096774,-12.2,3.637499989002732,1,21.923563241958618,4.192399624030901,4.811471486091614,1.4274878101776771,mae,10000,auto,10000,0.9999999,0.0,1e-07,0.0642113945023319,0.0,5000,"{'criterion': 'mae', 'max_depth': 10000, 'max_features': 'auto', 'max_leaf_nodes': 10000, 'max_samples': 0.9999999, 'min_impurity_decrease': 0.0, 'min_samples_leaf': 1e-07, 'min_samples_split': 0.0642113945023319, 'min_weight_fraction_leaf': 0.0, 'n_estimators': 5000}"
-12.25,-11.9375,-12.4375,-22.15625,-9.21875,-11.161290322580646,-10.387096774193548,-12.483870967741936,-11.387096774193548,-8.32258064516129,-12.196825396825396,3.601119742329765,1,29.01347529888153,5.633231591471083,6.334166789054871,1.6939332315738824,mae,10000,auto,10000,0.9999999,0.0,1e-07,0.05776858673187225,0.0,6430,"{'criterion': 'mae', 'max_depth': 10000, 'max_features': 'auto', 'max_leaf_nodes': 10000, 'max_samples': 0.9999999, 'min_impurity_decrease': 0.0, 'min_samples_leaf': 1e-07, 'min_samples_split': 0.05776858673187225, 'min_weight_fraction_leaf': 0.0, 'n_estimators': 6430}"
-12.125,-12.03125,-12.375,-22.3125,-9.28125,-11.161290322580646,-10.483870967741936,-12.419354838709678,-11.258064516129032,-8.161290322580646,-12.184126984126983,3.6542626692910374,1,22.334825325012208,3.8328492831178322,5.092392635345459,1.380830015484082,mae,10000,auto,10000,0.9999999,0.0,1e-07,0.0667786065840074,0.0,5000,"{'criterion': 'mae', 'max_depth': 10000, 'max_features': 'auto', 'max_leaf_nodes': 10000, 'max_samples': 0.9999999, 'min_impurity_decrease': 0.0, 'min_samples_leaf': 1e-07, 'min_samples_split': 0.0667786065840074, 'min_weight_fraction_leaf': 0.0, 'n_estimators': 5000}"
-12.28125,-12.0625,-12.46875,-22.21875,-9.21875,-11.258064516129032,-10.32258064516129,-12.419354838709678,-11.35483870967742,-8.193548387096774,-12.203174603174602,3.6329852506963083,1,22.425420069694518,3.4466994860528213,5.585970759391785,1.6696231068912637,mae,10000,auto,10000,0.9999999,0.0,1e-07,0.06194903052360478,0.0,5000,"{'criterion': 'mae', 'max_depth': 10000, 'max_features': 'auto', 'max_leaf_nodes': 10000, 'max_samples': 0.9999999, 'min_impurity_decrease': 0.0, 'min_samples_leaf': 1e-07, 'min_samples_split': 0.06194903052360478, 'min_weight_fraction_leaf': 0.0, 'n_estimators': 5000}"
-12.21875,-12.09375,-12.4375,-22.28125,-9.3125,-11.129032258064516,-10.387096774193548,-12.516129032258064,-11.32258064516129,-8.161290322580646,-12.209523809523809,3.6476636538564744,1,27.736468648910524,4.844911976020291,6.3643852233886715,1.623207382802948,mae,10000,auto,10000,0.9999999,0.0,1e-07,0.06412181967428074,0.0,6498,"{'criterion': 'mae', 'max_depth': 10000, 'max_features': 'auto', 'max_leaf_nodes': 10000, 'max_samples': 0.9999999, 'min_impurity_decrease': 0.0, 'min_samples_leaf': 1e-07, 'min_samples_split': 0.06412181967428074, 'min_weight_fraction_leaf': 0.0, 'n_estimators': 6498}"
-12.25,-12.125,-12.5,-22.15625,-9.1875,-11.193548387096774,-10.35483870967742,-12.516129032258064,-11.451612903225806,-8.225806451612904,-12.219047619047618,3.6132550381331634,1,23.096968293190002,4.084564472990503,4.8678079605102536,1.2516754611705978,mae,10000,auto,10000,0.9999999,0.0,1e-07,0.062313617483342895,0.0,5199,"{'criterion': 'mae', 'max_depth': 10000, 'max_features': 'auto', 'max_leaf_nodes': 10000, 'max_samples': 0.9999999, 'min_impurity_decrease': 0.0, 'min_samples_leaf': 1e-07, 'min_samples_split': 0.062313617483342895, 'min_weight_fraction_leaf': 0.0, 'n_estimators': 5199}"
-12.34375,-12.125,-12.53125,-22.21875,-9.28125,-11.225806451612904,-10.387096774193548,-12.483870967741936,-11.290322580645162,-8.193548387096774,-12.231746031746031,3.627809520646173,1,22.03388931751251,3.6158656690093087,5.0558058500289915,1.3054724760519083,mae,10000,auto,10000,0.9999999,0.0,1e-07,0.06115064877226753,0.0,5000,"{'criterion': 'mae', 'max_depth': 10000, 'max_features': 'auto', 'max_leaf_nodes': 10000, 'max_samples': 0.9999999, 'min_impurity_decrease': 0.0, 'min_samples_leaf': 1e-07, 'min_samples_split': 0.06115064877226753, 'min_weight_fraction_leaf': 0.0, 'n_estimators': 5000}"
-12.15625,-12.0625,-12.40625,-22.28125,-9.375,-11.03225806451613,-10.580645161290322,-12.451612903225806,-11.387096774193548,-8.193548387096774,-12.215873015873015,3.631061888560994,1,22.258146357536315,3.6721572206706274,4.939677667617798,1.2031574207922298,mae,10000,auto,10000,0.9999999,0.0,1e-07,0.07017485576859561,0.0,5000,"{'criterion': 'mae', 'max_depth': 10000, 'max_features': 'auto', 'max_leaf_nodes': 10000, 'max_samples': 0.9999999, 'min_impurity_decrease': 0.0, 'min_samples_leaf': 1e-07, 'min_samples_split': 0.07017485576859561, 'min_weight_fraction_leaf': 0.0, 'n_estimators': 5000}"
-12.1875,-12.03125,-12.4375,-22.375,-9.28125,-11.161290322580646,-10.419354838709678,-12.483870967741936,-11.32258064516129,-8.161290322580646,-12.209523809523809,3.674032564885015,1,21.953593683242797,3.3909642900244563,5.214610195159912,1.431973689934875,mae,10000,auto,10000,0.9999999,0.0,1e-07,0.07024982374317243,0.0,5000,"{'criterion': 'mae', 'max_depth': 10000, 'max_features': 'auto', 'max_leaf_nodes': 10000, 'max_samples': 0.9999999, 'min_impurity_decrease': 0.0, 'min_samples_leaf': 1e-07, 'min_samples_split': 0.07024982374317243, 'min_weight_fraction_leaf': 0.0, 'n_estimators': 5000}"
-12.125,-12.125,-12.375,-22.28125,-9.40625,-11.161290322580646,-10.419354838709678,-12.419354838709678,-11.258064516129032,-8.161290322580646,-12.196825396825396,3.638284075995828,1,21.453436136245728,3.168720417849191,4.6662599563598635,1.0069008016071783,mae,10000,auto,10000,0.9999999,0.0,1e-07,0.06815629749254683,0.0,5000,"{'criterion': 'mae', 'max_depth': 10000, 'max_features': 'auto', 'max_leaf_nodes': 10000, 'max_samples': 0.9999999, 'min_impurity_decrease': 0.0, 'min_samples_leaf': 1e-07, 'min_samples_split': 0.06815629749254683, 'min_weight_fraction_leaf': 0.0, 'n_estimators': 5000}"
-12.125,-12.09375,-12.4375,-22.21875,-9.21875,-11.193548387096774,-10.387096774193548,-12.516129032258064,-11.35483870967742,-8.161290322580646,-12.193650793650793,3.635333763474728,1,55.63856658935547,9.002142967949803,14.940488290786742,3.644867807246037,mae,10000,auto,10000,0.9999999,0.0,1e-07,0.06403940598378866,0.0,12760,"{'criterion': 'mae', 'max_depth': 10000, 'max_features': 'auto', 'max_leaf_nodes': 10000, 'max_samples': 0.9999999, 'min_impurity_decrease': 0.0, 'min_samples_leaf': 1e-07, 'min_samples_split': 0.06403940598378866, 'min_weight_fraction_leaf': 0.0, 'n_estimators': 12760}"
-12.15625,-12.0625,-12.375,-22.25,-9.34375,-11.096774193548388,-10.516129032258064,-12.516129032258064,-11.35483870967742,-8.161290322580646,-12.206349206349206,3.6302481137032796,1,35.10308310985565,6.946941764870036,7.500514554977417,1.862380875144567,mae,10000,auto,10000,0.9999999,0.0,1e-07,0.0701167911748591,0.0,7893,"{'criterion': 'mae', 'max_depth': 10000, 'max_features': 'auto', 'max_leaf_nodes': 10000, 'max_samples': 0.9999999, 'min_impurity_decrease': 0.0, 'min_samples_leaf': 1e-07, 'min_samples_split': 0.0701167911748591, 'min_weight_fraction_leaf': 0.0, 'n_estimators': 7893}"
-12.3125,-12.03125,-12.375,-22.21875,-9.28125,-11.096774193548388,-10.387096774193548,-12.419354838709678,-11.35483870967742,-8.258064516129032,-12.196825396825396,3.6217466688976794,1,21.932233023643494,3.9592387341310995,4.78022837638855,1.3242775947462317,mae,10000,auto,10000,0.9999999,0.0,1e-07,0.06337055822615392,0.0,5000,"{'criterion': 'mae', 'max_depth': 10000, 'max_features': 'auto', 'max_leaf_nodes': 10000, 'max_samples': 0.9999999, 'min_impurity_decrease': 0.0, 'min_samples_leaf': 1e-07, 'min_samples_split': 0.06337055822615392, 'min_weight_fraction_leaf': 0.0, 'n_estimators': 5000}"
-12.15625,-12.125,-12.40625,-22.375,-9.21875,-11.193548387096774,-10.419354838709678,-12.516129032258064,-11.290322580645162,-8.161290322580646,-12.209523809523809,3.678791857045856,1,21.60500509738922,3.925951336954304,4.759284615516663,1.464100432977926,mae,10000,auto,10000,0.9999999,0.0,1e-07,0.06660197935491913,0.0,5000,"{'criterion': 'mae', 'max_depth': 10000, 'max_features': 'auto', 'max_leaf_nodes': 10000, 'max_samples': 0.9999999, 'min_impurity_decrease': 0.0, 'min_samples_leaf': 1e-07, 'min_samples_split': 0.06660197935491913, 'min_weight_fraction_leaf': 0.0, 'n_estimators': 5000}"
-12.3125,-12.0625,-12.46875,-22.15625,-9.21875,-11.161290322580646,-10.35483870967742,-12.548387096774194,-11.35483870967742,-8.225806451612904,-12.209523809523809,3.6140296761826907,1,85.49663455486298,15.678894885417119,18.56729006767273,4.764942889547638,mae,10000,auto,10000,0.9999999,0.0,1e-07,0.06168710618308554,0.0,20000,"{'criterion': 'mae', 'max_depth': 10000, 'max_features': 'auto', 'max_leaf_nodes': 10000, 'max_samples': 0.9999999, 'min_impurity_decrease': 0.0, 'min_samples_leaf': 1e-07, 'min_samples_split': 0.06168710618308554, 'min_weight_fraction_leaf': 0.0, 'n_estimators': 20000}"
-12.25,-12.0625,-12.40625,-22.15625,-9.1875,-11.225806451612904,-10.419354838709678,-12.483870967741936,-11.258064516129032,-8.258064516129032,-12.193650793650793,3.609475693546751,1,21.49242146015167,3.6436667037189694,4.838036131858826,1.2960076627480352,mae,10000,auto,10000,0.9999999,0.0,1e-07,0.06287855197644443,0.0,5000,"{'criterion': 'mae', 'max_depth': 10000, 'max_features': 'auto', 'max_leaf_nodes': 10000, 'max_samples': 0.9999999, 'min_impurity_decrease': 0.0, 'min_samples_leaf': 1e-07, 'min_samples_split': 0.06287855197644443, 'min_weight_fraction_leaf': 0.0, 'n_estimators': 5000}"
