split0_test_score,split1_test_score,split2_test_score,split3_test_score,split4_test_score,split5_test_score,split6_test_score,split7_test_score,split8_test_score,split9_test_score,mean_test_score,std_test_score,rank_test_score,mean_fit_time,std_fit_time,mean_score_time,std_score_time,param_bootstrap,param_max_depth,param_max_features,param_max_leaf_nodes,param_max_samples,param_min_impurity_decrease,param_min_samples_leaf,param_min_samples_split,param_n_estimators,params
-11.476057014734144,-14.398832879564383,-12.643768017296605,-18.114770179372197,-12.753303171044205,-18.729420243433697,-13.111176729660475,-9.3994034272902,-12.527153759917214,-10.985081062435322,-13.43792243452265,2.8223355048771985,1,4.799150609970093,0.9965973283599417,0.049628472328186034,0.008706890916067397,False,266,auto,1957,0.005035495261043408,0.009471059706049225,0.1994844064622391,0.1631218240433615,3568,"{'bootstrap': False, 'max_depth': 266, 'max_features': 'auto', 'max_leaf_nodes': 1957, 'max_samples': 0.005035495261043408, 'min_impurity_decrease': 0.009471059706049225, 'min_samples_leaf': 0.1994844064622391, 'min_samples_split': 0.1631218240433615, 'n_estimators': 3568}"
-8.570970695970695,-12.759157509157507,-12.435897435897433,-20.11034798534799,-12.265109890109889,-18.673076923076923,-15.626373626373631,-8.824175824175827,-13.750493096646942,-12.294378698224854,-13.538368636194724,3.571545850633187,1,0.11646397113800049,0.01711293448357023,0.0023328065872192383,0.00045364061932619596,False,787,sqrt,417,0.20674592341191206,0.4656656816128155,0.277773640015011,0.5021088344623509,78,"{'bootstrap': False, 'max_depth': 787, 'max_features': 'sqrt', 'max_leaf_nodes': 417, 'max_samples': 0.20674592341191206, 'min_impurity_decrease': 0.4656656816128155, 'min_samples_leaf': 0.277773640015011, 'min_samples_split': 0.5021088344623509, 'n_estimators': 78}"
-11.215113739763419,-14.043275705186533,-12.568680618744313,-18.976378525932667,-12.433002729754323,-19.147133757961786,-15.700964513193808,-9.248489535941767,-13.020558549730525,-11.45170014698677,-13.802912397304533,3.113059818618562,1,5.458788752555847,1.2332923944363097,0.057445096969604495,0.019499919415936835,False,407,auto,8453,0.8056437228440956,0.6534282266618306,0.015894919511717894,0.7582558669563891,3925,"{'bootstrap': False, 'max_depth': 407, 'max_features': 'auto', 'max_leaf_nodes': 8453, 'max_samples': 0.8056437228440956, 'min_impurity_decrease': 0.6534282266618306, 'min_samples_leaf': 0.015894919511717894, 'min_samples_split': 0.7582558669563891, 'n_estimators': 3925}"
-12.003009185936017,-14.41154577130187,-12.5774469433006,-17.604054482103262,-12.43569844789357,-18.262749445676274,-13.995723788406716,-9.275182134938232,-12.634999147194268,-10.884018420603788,-13.432340370834538,2.658791074224117,1,0.6700649738311768,0.14578402601260537,0.007181644439697266,0.0016233650976448023,False,207,auto,9074,0.7519135737254546,0.3706678792342251,0.09589175351527769,0.5364020604871969,451,"{'bootstrap': False, 'max_depth': 207, 'max_features': 'auto', 'max_leaf_nodes': 9074, 'max_samples': 0.7519135737254546, 'min_impurity_decrease': 0.3706678792342251, 'min_samples_leaf': 0.09589175351527769, 'min_samples_split': 0.5364020604871969, 'n_estimators': 451}"
-8.585556057866185,-12.809844032549725,-13.053232368896927,-19.95346971066908,-12.116410488245931,-18.7000904159132,-15.375033905967452,-8.7436369801085,-13.85785053554041,-12.337256572541381,-13.55984223078334,3.5311363202233217,1,5.22460572719574,1.160967262319121,0.051760625839233396,0.01639184085459812,True,580,log2,8027,0.8444993042651592,0.841734733221544,0.19838859107074605,0.45808112080392843,3160,"{'bootstrap': True, 'max_depth': 580, 'max_features': 'log2', 'max_leaf_nodes': 8027, 'max_samples': 0.8444993042651592, 'min_impurity_decrease': 0.841734733221544, 'min_samples_leaf': 0.19838859107074605, 'min_samples_split': 0.45808112080392843, 'n_estimators': 3160}"
-8.3509831186573,-12.866254391100702,-12.976434426229506,-20.50146370023419,-12.103349434035907,-18.85092213114754,-15.799326697892269,-8.778176229508196,-13.983002311895754,-12.307114333753681,-13.659045349251604,3.7098368663377497,1,3.2684661626815794,0.6528248012455106,0.046768474578857425,0.018343299160412527,False,978,sqrt,6268,0.7619434380888239,0.818827673391893,0.12621373554670184,0.5479942434302073,2928,"{'bootstrap': False, 'max_depth': 978, 'max_features': 'sqrt', 'max_leaf_nodes': 6268, 'max_samples': 0.7619434380888239, 'min_impurity_decrease': 0.818827673391893, 'min_samples_leaf': 0.12621373554670184, 'min_samples_split': 0.5479942434302073, 'n_estimators': 2928}"
-8.677602223685172,-12.395435593592278,-13.504937458854512,-20.1301294711433,-12.081742374369101,-18.8015873015873,-15.583059030063636,-8.718784287908713,-14.156051833471187,-12.454113986372052,-13.655348145179842,3.5884361509431053,1,8.958783483505249,2.284810945126553,0.06193804740905762,0.01569963127614847,True,475,log2,681,0.44234605105284414,0.3756374069612486,0.39136619038141707,0.7916808819783305,3906,"{'bootstrap': True, 'max_depth': 475, 'max_features': 'log2', 'max_leaf_nodes': 681, 'max_samples': 0.44234605105284414, 'min_impurity_decrease': 0.3756374069612486, 'min_samples_leaf': 0.39136619038141707, 'min_samples_split': 0.7916808819783305, 'n_estimators': 3906}"
-8.692931684644392,-12.307638340787511,-13.340568271507497,-20.10742786985881,-12.07142857142857,-19.179821099710598,-15.993159694817153,-8.714285714285714,-14.090286631723096,-12.4412806346508,-13.700087187836408,3.667761855359448,1,3.0577192306518555,0.6970821411444809,0.022318029403686525,0.00617558026740817,True,324,sqrt,2576,0.15562679848980368,0.11425189528558424,0.22049895378044668,0.9119547672383245,1629,"{'bootstrap': True, 'max_depth': 324, 'max_features': 'sqrt', 'max_leaf_nodes': 2576, 'max_samples': 0.15562679848980368, 'min_impurity_decrease': 0.11425189528558424, 'min_samples_leaf': 0.22049895378044668, 'min_samples_split': 0.9119547672383245, 'n_estimators': 1629}"
-11.239494371118015,-14.138125970496892,-12.55194584627329,-19.074849572981368,-12.375024262422357,-19.033118206521742,-15.69441479037267,-9.245559976708075,-12.898646530100335,-11.542276337792641,-13.80193811042848,3.1091571266316778,1,2.6938109159469605,0.43541394949977313,0.030154776573181153,0.015464497595385675,False,100,auto,3432,0.7581894173584487,0.6855716774318216,0.10928412610470085,0.010015269762361292,1472,"{'bootstrap': False, 'max_depth': 100, 'max_features': 'auto', 'max_leaf_nodes': 3432, 'max_samples': 0.7581894173584487, 'min_impurity_decrease': 0.6855716774318216, 'min_samples_leaf': 0.10928412610470085, 'min_samples_split': 0.010015269762361292, 'n_estimators': 1472}"
-10.759732547737295,-13.982493753277604,-12.484807354166023,-19.272010056451858,-12.362656939260265,-19.134767251750628,-15.892988246907489,-9.153723355029767,-13.017906084414399,-11.70425061873993,-13.797047465254634,3.2182174117843463,1,7.109078359603882,1.2981063221092326,0.07565360069274903,0.024203280034906422,False,197,auto,9059,0.10304384625693118,0.6713104570906238,0.11370185037295855,0.8861312143513077,4631,"{'bootstrap': False, 'max_depth': 197, 'max_features': 'auto', 'max_leaf_nodes': 9059, 'max_samples': 0.10304384625693118, 'min_impurity_decrease': 0.6713104570906238, 'min_samples_leaf': 0.11370185037295855, 'min_samples_split': 0.8861312143513077, 'n_estimators': 4631}"
-9.521726058611305,-13.480971896955504,-12.226106082663462,-18.8439932907146,-12.262010253813534,-18.286766567504277,-14.408079625292741,-8.671870055066776,-12.985370300944073,-11.578678299989775,-13.240246126382978,3.1466236391059077,1,6.2348843812942505,1.1625988755954508,0.0738180160522461,0.021147030364296198,False,830,sqrt,4779,0.0014385725746298237,0.18744992262789412,0.07065581834021913,0.4941904804909841,4514,"{'bootstrap': False, 'max_depth': 830, 'max_features': 'sqrt', 'max_leaf_nodes': 4779, 'max_samples': 0.0014385725746298237, 'min_impurity_decrease': 0.18744992262789412, 'min_samples_leaf': 0.07065581834021913, 'min_samples_split': 0.4941904804909841, 'n_estimators': 4514}"
-8.926528318047179,-12.299685949823347,-13.401680882195498,-20.692766139680952,-12.074363869954677,-18.785000535312804,-15.713750401484605,-8.71251918204204,-14.23076923076923,-12.461538461538462,-13.735421260141852,3.671013635534569,1,4.552131175994873,0.8116260251782528,0.05388009548187256,0.015037834616132803,False,999,log2,2,1e-07,0.22136483900164758,0.5,1.0,4003,"{'bootstrap': False, 'max_depth': 999, 'max_features': 'log2', 'max_leaf_nodes': 2, 'max_samples': 1e-07, 'min_impurity_decrease': 0.22136483900164758, 'min_samples_leaf': 0.5, 'min_samples_split': 1.0, 'n_estimators': 4003}"
-8.921864285714287,-12.348164285714287,-13.300085714285716,-20.633757142857142,-12.053535714285713,-18.78171428571429,-15.709142857142856,-8.704107142857142,-14.23076923076923,-12.461538461538462,-13.719805797101449,3.6608985210416183,1,5.598055696487426,1.226345588482844,0.07887980937957764,0.020753590624174444,False,998,auto,1235,1e-07,0.19210844800340576,0.5,1.0,5000,"{'bootstrap': False, 'max_depth': 998, 'max_features': 'auto', 'max_leaf_nodes': 1235, 'max_samples': 1e-07, 'min_impurity_decrease': 0.19210844800340576, 'min_samples_leaf': 0.5, 'min_samples_split': 1.0, 'n_estimators': 5000}"
-11.073947209349186,-13.990177312109612,-12.485643763852506,-18.180132984082206,-12.338706427563974,-18.902780576264355,-14.888122103566394,-9.119484182953858,-13.11554735814256,-11.642833893891721,-13.591049855890109,2.9187021156323647,1,1.0200723648071288,0.21920090436843198,0.011507034301757812,0.0034688052311573686,False,390,auto,9064,0.3762993043972347,0.132801492867451,1e-07,0.9631815501910067,709,"{'bootstrap': False, 'max_depth': 390, 'max_features': 'auto', 'max_leaf_nodes': 9064, 'max_samples': 0.3762993043972347, 'min_impurity_decrease': 0.132801492867451, 'min_samples_leaf': 1e-07, 'min_samples_split': 0.9631815501910067, 'n_estimators': 709}"
-9.306068558307363,-13.3818763326226,-12.215220600295227,-18.809102837461047,-12.216147285550273,-18.444325077907166,-14.568345087748074,-8.61740200098409,-12.946869204274483,-11.593023050428332,-13.223459624952161,3.207693616541966,1,5.355689859390258,1.0646250300718838,0.07440340518951416,0.02022508852470488,False,792,sqrt,4125,0.07143889112179112,0.2031137483000937,0.09591666403127672,0.33465328623007834,4355,"{'bootstrap': False, 'max_depth': 792, 'max_features': 'sqrt', 'max_leaf_nodes': 4125, 'max_samples': 0.07143889112179112, 'min_impurity_decrease': 0.2031137483000937, 'min_samples_leaf': 0.09591666403127672, 'min_samples_split': 0.33465328623007834, 'n_estimators': 4355}"
-8.504400921658986,-13.22488479262673,-12.301036866359444,-19.272465437788018,-12.269470046082949,-18.629032258064516,-14.656267281105993,-8.602073732718894,-13.332009925558312,-11.886327543424317,-13.27734221598878,3.4140734278510485,1,1.9658901929855346,0.38714599449174375,0.024587297439575197,0.00771869325245253,False,171,sqrt,7610,0.8835480790717595,0.10530516973155114,0.15950472848373437,0.7636670120935682,1550,"{'bootstrap': False, 'max_depth': 171, 'max_features': 'sqrt', 'max_leaf_nodes': 7610, 'max_samples': 0.8835480790717595, 'min_impurity_decrease': 0.10530516973155114, 'min_samples_leaf': 0.15950472848373437, 'min_samples_split': 0.7636670120935682, 'n_estimators': 1550}"
-8.86514544468094,-12.53573515295689,-13.173323317056886,-20.4714953466049,-12.09266099077668,-18.71718626100747,-15.689245023162641,-8.73184549893577,-13.971269017281289,-12.37895233600755,-13.669752145545692,3.6167070293344947,1,3.8825754642486574,0.8324628830704578,0.05442984104156494,0.018576212053391897,False,86,sqrt,5852,0.9999999,0.26118686201538605,0.4559575501254702,0.8343495358629223,3423,"{'bootstrap': False, 'max_depth': 86, 'max_features': 'sqrt', 'max_leaf_nodes': 5852, 'max_samples': 0.9999999, 'min_impurity_decrease': 0.26118686201538605, 'min_samples_leaf': 0.4559575501254702, 'min_samples_split': 0.8343495358629223, 'n_estimators': 3423}"
-8.740031687351465,-13.19137839978875,-12.248811724320044,-19.17163982043834,-12.179825719566939,-18.665566411407447,-15.104040137311856,-8.628531819382095,-13.354685056163799,-11.861225650504764,-13.324814487395859,3.392201466445561,1,0.6954281568527222,0.13732796488933274,0.010462117195129395,0.003095437636623467,False,786,sqrt,578,0.9108474501218394,0.2841129133241166,0.09018194645466042,0.6800528560087172,541,"{'bootstrap': False, 'max_depth': 786, 'max_features': 'sqrt', 'max_leaf_nodes': 578, 'max_samples': 0.9108474501218394, 'min_impurity_decrease': 0.2841129133241166, 'min_samples_leaf': 0.09018194645466042, 'min_samples_split': 0.6800528560087172, 'n_estimators': 541}"
-8.515539346373904,-13.066867866878352,-12.324828505526767,-19.525806548243114,-12.167862385046279,-18.606663571278794,-15.105098403378966,-8.620068597789295,-13.442158491539915,-11.949820152588027,-13.341695764615073,3.473873411431186,1,5.590100812911987,1.2235092760147972,0.07176775932312011,0.021674544157729927,False,952,sqrt,4917,0.23844188068836206,0.20340852623479266,0.16601278307995926,0.9673163993126396,4769,"{'bootstrap': False, 'max_depth': 952, 'max_features': 'sqrt', 'max_leaf_nodes': 4917, 'max_samples': 0.23844188068836206, 'min_impurity_decrease': 0.20340852623479266, 'min_samples_leaf': 0.16601278307995926, 'min_samples_split': 0.9673163993126396, 'n_estimators': 4769}"
-9.533485714285716,-13.429314285714286,-12.162307142857141,-18.63302857142857,-12.184535714285714,-18.276492857142852,-14.211599999999999,-8.623964285714283,-12.795761538461537,-11.399299999999998,-13.13986956521739,3.1204802181247513,1,6.637154126167298,1.426523484484402,0.06851894855499267,0.020363342337981382,False,114,sqrt,8825,1e-07,0.12278005832345197,0.10239157436406582,1e-07,5000,"{'bootstrap': False, 'max_depth': 114, 'max_features': 'sqrt', 'max_leaf_nodes': 8825, 'max_samples': 1e-07, 'min_impurity_decrease': 0.12278005832345197, 'min_samples_leaf': 0.10239157436406582, 'min_samples_split': 1e-07, 'n_estimators': 5000}"
-9.928642857142858,-13.519392857142858,-12.114099999999999,-18.428192857142857,-12.256964285714284,-18.076264285714284,-13.652878571428571,-8.730371428571429,-12.765053846153846,-11.155130769230768,-13.078678985507247,2.9892613766805822,1,6.564410161972046,1.3331334406862507,0.07548751831054687,0.021859578550521543,False,541,sqrt,10000,1e-07,0.07177950058491438,0.0884371307342219,1e-07,5000,"{'bootstrap': False, 'max_depth': 541, 'max_features': 'sqrt', 'max_leaf_nodes': 10000, 'max_samples': 1e-07, 'min_impurity_decrease': 0.07177950058491438, 'min_samples_leaf': 0.0884371307342219, 'min_samples_split': 1e-07, 'n_estimators': 5000}"
-8.507142857142858,-12.639285714285714,-12.457142857142857,-19.62142857142857,-11.924999999999999,-17.314285714285713,-14.303571428571429,-8.585714285714285,-13.676923076923078,-11.734615384615385,-13.081884057971013,3.298612265619739,1,0.030516624450683594,0.0049467664954816895,0.0032166242599487305,0.002934534064105165,False,1000,sqrt,2,0.9999999,0.0,1e-07,1e-07,10,"{'bootstrap': False, 'max_depth': 1000, 'max_features': 'sqrt', 'max_leaf_nodes': 2, 'max_samples': 0.9999999, 'min_impurity_decrease': 0.0, 'min_samples_leaf': 1e-07, 'min_samples_split': 1e-07, 'n_estimators': 10}"
-8.538946492575525,-13.112351190476192,-12.34987039170507,-19.457269265232974,-12.225438428059396,-18.477974590373783,-14.641753072196622,-8.593301971326165,-13.439938309897988,-11.929469947615106,-13.28521002155732,3.4185772097132388,1,6.264804697036743,1.4448847292084785,0.08705346584320069,0.028456684379022656,False,1000,sqrt,2,1e-07,0.0,0.16490487877113888,1e-07,4464,"{'bootstrap': False, 'max_depth': 1000, 'max_features': 'sqrt', 'max_leaf_nodes': 2, 'max_samples': 1e-07, 'min_impurity_decrease': 0.0, 'min_samples_leaf': 0.16490487877113888, 'min_samples_split': 1e-07, 'n_estimators': 4464}"
-10.2324505147849,-13.59293860713419,-12.063039484175132,-18.22020487399036,-12.271345373869035,-17.876598953097375,-13.331533608347488,-8.932315318750648,-12.674266888171283,-10.807533645679724,-13.018473776943125,2.878363314218093,1,6.457035112380981,1.4631796193344682,0.06029586791992188,0.0117754084337246,False,917,sqrt,10000,0.2148691202619665,0.02490604198868472,0.07995006475996623,1e-07,4121,"{'bootstrap': False, 'max_depth': 917, 'max_features': 'sqrt', 'max_leaf_nodes': 10000, 'max_samples': 0.2148691202619665, 'min_impurity_decrease': 0.02490604198868472, 'min_samples_leaf': 0.07995006475996623, 'min_samples_split': 1e-07, 'n_estimators': 4121}"
-10.653571428571427,-13.482142857142856,-12.217857142857143,-18.185714285714287,-12.25,-18.532142857142855,-12.417857142857141,-8.692857142857141,-13.003846153846153,-9.580769230769231,-12.924999999999999,3.08971570985129,1,0.02553844451904297,0.006510620863020819,0.0023515939712524412,0.0018107243026239425,False,774,sqrt,1299,0.9999999,0.0,0.06328084105694487,1e-07,10,"{'bootstrap': False, 'max_depth': 774, 'max_features': 'sqrt', 'max_leaf_nodes': 1299, 'max_samples': 0.9999999, 'min_impurity_decrease': 0.0, 'min_samples_leaf': 0.06328084105694487, 'min_samples_split': 1e-07, 'n_estimators': 10}"
-8.84236670020121,-13.01735412474849,-12.29093309859155,-19.127263581488933,-12.202024647887322,-18.379338531187123,-14.550113179074446,-8.573252012072436,-13.313447995666305,-11.923550920910078,-13.230710349050826,3.303128068266619,1,0.673982810974121,0.13601068270897448,0.010546374320983886,0.0039435872103719205,False,191,sqrt,2,0.9999999,0.0,0.06254046242252317,0.5208375802309309,568,"{'bootstrap': False, 'max_depth': 191, 'max_features': 'sqrt', 'max_leaf_nodes': 2, 'max_samples': 0.9999999, 'min_impurity_decrease': 0.0, 'min_samples_leaf': 0.06254046242252317, 'min_samples_split': 0.5208375802309309, 'n_estimators': 568}"
-10.49824675324675,-13.525584415584417,-11.990584415584413,-18.035324675324677,-12.268376623376627,-17.68103896103896,-12.941623376623374,-9.141688311688311,-12.469790209790212,-10.734405594405594,-12.947891963109356,2.762913022771825,1,0.8822460889816284,0.1721236908403082,0.008428239822387695,0.0023093337272003384,False,971,sqrt,2970,0.9999999,0.0,0.06827331471862827,1e-07,550,"{'bootstrap': False, 'max_depth': 971, 'max_features': 'sqrt', 'max_leaf_nodes': 2970, 'max_samples': 0.9999999, 'min_impurity_decrease': 0.0, 'min_samples_leaf': 0.06827331471862827, 'min_samples_split': 1e-07, 'n_estimators': 550}"
-8.482142857142858,-13.200000000000001,-12.757142857142858,-18.832142857142856,-12.542857142857144,-20.16428571428571,-15.092857142857143,-8.335714285714285,-13.407692307692308,-11.738461538461538,-13.468115942028984,3.6548027721516827,1,0.02438504695892334,0.005351013243463628,0.0018870115280151367,0.000371592699942756,False,61,log2,2,0.9537169324503892,0.0,0.05939884925750554,1e-07,10,"{'bootstrap': False, 'max_depth': 61, 'max_features': 'log2', 'max_leaf_nodes': 2, 'max_samples': 0.9537169324503892, 'min_impurity_decrease': 0.0, 'min_samples_leaf': 0.05939884925750554, 'min_samples_split': 1e-07, 'n_estimators': 10}"
-8.757142857142856,-13.353571428571431,-12.260714285714286,-19.053571428571427,-12.21428571428571,-17.942857142857143,-14.203571428571431,-8.375000000000002,-13.73076923076923,-11.853846153846156,-13.180072463768115,3.2576002301939004,1,0.024538326263427734,0.009346572196502057,0.0017266035079956054,0.00038504021008385115,False,82,sqrt,2,0.9999999,0.0,0.06105995958342135,1e-07,10,"{'bootstrap': False, 'max_depth': 82, 'max_features': 'sqrt', 'max_leaf_nodes': 2, 'max_samples': 0.9999999, 'min_impurity_decrease': 0.0, 'min_samples_leaf': 0.06105995958342135, 'min_samples_split': 1e-07, 'n_estimators': 10}"
-10.5,-14.389285714285714,-12.467857142857145,-18.392857142857146,-12.803571428571429,-16.721428571428568,-13.700000000000001,-8.303571428571427,-13.169230769230769,-9.342307692307694,-13.003985507246377,2.9611212089227856,1,0.034794974327087405,0.0075446027849664695,0.0024889707565307617,0.0009911506777328344,False,886,sqrt,8118,0.23862156989039082,0.0,0.06188459136538568,1e-07,10,"{'bootstrap': False, 'max_depth': 886, 'max_features': 'sqrt', 'max_leaf_nodes': 8118, 'max_samples': 0.23862156989039082, 'min_impurity_decrease': 0.0, 'min_samples_leaf': 0.06188459136538568, 'min_samples_split': 1e-07, 'n_estimators': 10}"
-10.18951507208388,-13.59840541721276,-12.096439493228484,-18.22616863259065,-12.358781127129749,-17.853211009174313,-13.06070336391437,-8.976802096985583,-12.64709480122324,-10.840696306751353,-13.002765589682223,2.8663501127597923,1,2.6641294240951536,0.42199017580347636,0.02805969715118408,0.007718004402369023,False,750,sqrt,2369,0.9999999,0.0,0.08694464643441592,1e-07,1635,"{'bootstrap': False, 'max_depth': 750, 'max_features': 'sqrt', 'max_leaf_nodes': 2369, 'max_samples': 0.9999999, 'min_impurity_decrease': 0.0, 'min_samples_leaf': 0.08694464643441592, 'min_samples_split': 1e-07, 'n_estimators': 1635}"
-10.65974574305201,-13.48557045422911,-12.069653876490511,-17.733215793625018,-12.325662320790604,-17.543230640746067,-12.59158817797986,-9.137382266969794,-12.36947560396732,-10.275501536462885,-12.840792700434452,2.705951992853138,1,4.913681936264038,0.618947335812129,0.07063288688659668,0.02479348369600084,False,1000,sqrt,1621,0.9999999,0.0,0.0549289341750502,1e-07,3079,"{'bootstrap': False, 'max_depth': 1000, 'max_features': 'sqrt', 'max_leaf_nodes': 1621, 'max_samples': 0.9999999, 'min_impurity_decrease': 0.0, 'min_samples_leaf': 0.0549289341750502, 'min_samples_split': 1e-07, 'n_estimators': 3079}"
-8.696712528395695,-12.396982555398397,-13.54854056834255,-20.22866572371523,-12.07142857142857,-18.703677510608202,-15.570014144271568,-8.714285714285714,-14.195065660412196,-12.45830736919846,-13.66317501315349,3.590374905710924,1,5.611246275901794,1.1091219366752934,0.0629345417022705,0.019603726063159004,True,10,sqrt,2628,0.9999999,1.0,0.5,1e-07,3333,"{'bootstrap': True, 'max_depth': 10, 'max_features': 'sqrt', 'max_leaf_nodes': 2628, 'max_samples': 0.9999999, 'min_impurity_decrease': 1.0, 'min_samples_leaf': 0.5, 'min_samples_split': 1e-07, 'n_estimators': 3333}"
-11.172235714285714,-13.955135714285715,-12.499842857142855,-18.219435714285716,-12.345357142857141,-18.72427142857143,-14.751885714285716,-9.203964285714283,-13.133853846153848,-11.602392307692307,-13.578123188405797,2.8658278092348946,1,9.646082162857056,1.9079478565511523,0.15097556114196778,0.0721041295399925,False,1000,auto,2,0.9999999,0.0,0.052211744315709636,1e-07,5000,"{'bootstrap': False, 'max_depth': 1000, 'max_features': 'auto', 'max_leaf_nodes': 2, 'max_samples': 0.9999999, 'min_impurity_decrease': 0.0, 'min_samples_leaf': 0.052211744315709636, 'min_samples_split': 1e-07, 'n_estimators': 5000}"
-10.621257142857143,-13.523728571428572,-12.072764285714284,-17.722385714285714,-12.273392857142856,-17.548985714285717,-12.638521428571432,-9.189678571428573,-12.396130769230771,-10.319153846153844,-12.851947101449275,2.698147071895939,1,8.223396301269531,1.151837391799013,0.0757436990737915,0.020661479803934048,False,1000,sqrt,7630,0.9999999,0.0,0.05386082247719737,1e-07,5000,"{'bootstrap': False, 'max_depth': 1000, 'max_features': 'sqrt', 'max_leaf_nodes': 7630, 'max_samples': 0.9999999, 'min_impurity_decrease': 0.0, 'min_samples_leaf': 0.05386082247719737, 'min_samples_split': 1e-07, 'n_estimators': 5000}"
-10.73832857142857,-13.472321428571428,-12.152099999999999,-17.601164285714287,-12.365035714285716,-17.426264285714286,-12.524857142857144,-9.238642857142855,-12.3411,-10.154107692307692,-12.823910869565218,2.6498614157464457,1,8.060260796546936,1.0172394433343588,0.08379714488983155,0.02283032657219931,False,1000,sqrt,2763,0.9999999,0.0,0.04797249681095117,1e-07,5000,"{'bootstrap': False, 'max_depth': 1000, 'max_features': 'sqrt', 'max_leaf_nodes': 2763, 'max_samples': 0.9999999, 'min_impurity_decrease': 0.0, 'min_samples_leaf': 0.04797249681095117, 'min_samples_split': 1e-07, 'n_estimators': 5000}"
-8.794457142857144,-13.018571428571429,-12.30924285714286,-19.053807142857146,-12.172171428571428,-18.33677857142857,-14.474585714285714,-8.529428571428571,-13.419161538461537,-11.911607692307694,-13.209757971014493,3.2942265686051346,1,7.335487198829651,1.5462539033901723,0.07869584560394287,0.01673936492748805,False,962,sqrt,2,0.9999999,0.0,0.04915571146233978,1e-07,5000,"{'bootstrap': False, 'max_depth': 962, 'max_features': 'sqrt', 'max_leaf_nodes': 2, 'max_samples': 0.9999999, 'min_impurity_decrease': 0.0, 'min_samples_leaf': 0.04915571146233978, 'min_samples_split': 1e-07, 'n_estimators': 5000}"
-13.02857142857143,-12.592857142857142,-13.5,-21.407142857142855,-11.571428571428571,-17.428571428571427,-9.764285714285714,-10.41428571428572,-12.446153846153846,-8.376923076923077,-13.091304347826087,3.630946506111358,1,0.046056509017944336,0.017541958928939106,0.0017822742462158202,0.0005474456104508941,False,1000,sqrt,6100,0.9999999,0.0,1e-07,1e-07,10,"{'bootstrap': False, 'max_depth': 1000, 'max_features': 'sqrt', 'max_leaf_nodes': 6100, 'max_samples': 0.9999999, 'min_impurity_decrease': 0.0, 'min_samples_leaf': 1e-07, 'min_samples_split': 1e-07, 'n_estimators': 10}"
-10.323985714285712,-13.077978571428572,-13.470314285714286,-18.07005,-11.925049999999999,-16.896014285714283,-9.916749999999999,-10.138428571428575,-11.943646153846153,-8.320446153846152,-12.441255072463768,2.943705142060462,1,17.27325870990753,5.361202802795779,0.10048322677612305,0.033627337710109576,False,1000,sqrt,10000,0.9999999,0.0,1e-07,1e-07,5000,"{'bootstrap': False, 'max_depth': 1000, 'max_features': 'sqrt', 'max_leaf_nodes': 10000, 'max_samples': 0.9999999, 'min_impurity_decrease': 0.0, 'min_samples_leaf': 1e-07, 'min_samples_split': 1e-07, 'n_estimators': 5000}"
-10.578321428571428,-13.29092857142857,-13.26182857142857,-17.75124285714286,-12.329285714285716,-17.622421428571425,-10.939678571428573,-9.830792857142857,-12.027753846153844,-8.932853846153845,-12.688049999999999,2.848423886780416,1,16.558738827705383,1.2915755176555834,0.07911763191223145,0.02236848706298596,True,1000,sqrt,10000,0.9999999,0.0,1e-07,1e-07,5000,"{'bootstrap': True, 'max_depth': 1000, 'max_features': 'sqrt', 'max_leaf_nodes': 10000, 'max_samples': 0.9999999, 'min_impurity_decrease': 0.0, 'min_samples_leaf': 1e-07, 'min_samples_split': 1e-07, 'n_estimators': 5000}"
-8.861605022056327,-12.496369189005767,-13.19843909060061,-20.43417034272141,-12.08525619273838,-18.61263997285375,-15.535782151340344,-8.685900916185954,-13.95083135391924,-12.347030878859858,-13.62764122689249,3.5953491539632934,1,2.3607171297073366,0.4887496072455019,0.03658270835876465,0.011316411619327177,False,305,log2,9508,0.9999545447349864,0.012553378832753028,0.46357393905491995,0.14178751404417864,2105,"{'bootstrap': False, 'max_depth': 305, 'max_features': 'log2', 'max_leaf_nodes': 9508, 'max_samples': 0.9999545447349864, 'min_impurity_decrease': 0.012553378832753028, 'min_samples_leaf': 0.46357393905491995, 'min_samples_split': 0.14178751404417864, 'n_estimators': 2105}"
-10.6648,-13.162400000000002,-13.085328571428574,-17.681114285714287,-12.384964285714286,-17.648478571428573,-10.794192857142857,-9.793849999999997,-11.962176923076925,-8.985176923076923,-12.647300000000001,2.8358690143042247,1,15.272580933570861,1.9750366592825084,0.08794441223144531,0.029171081527727155,True,1000,sqrt,10000,0.9999999,0.0,1e-07,1e-07,5000,"{'bootstrap': True, 'max_depth': 1000, 'max_features': 'sqrt', 'max_leaf_nodes': 10000, 'max_samples': 0.9999999, 'min_impurity_decrease': 0.0, 'min_samples_leaf': 1e-07, 'min_samples_split': 1e-07, 'n_estimators': 5000}"
-10.311121428571427,-13.231271428571429,-13.366399999999999,-18.077428571428573,-11.868799999999998,-17.02482857142857,-10.010585714285716,-10.206207142857144,-12.047023076923077,-8.154584615384616,-12.463578985507247,2.9747428458015355,1,16.07806303501129,5.49402041488252,0.09065968990325927,0.02370575264026845,False,1000,sqrt,10000,0.9999999,0.0,1e-07,1e-07,5000,"{'bootstrap': False, 'max_depth': 1000, 'max_features': 'sqrt', 'max_leaf_nodes': 10000, 'max_samples': 0.9999999, 'min_impurity_decrease': 0.0, 'min_samples_leaf': 1e-07, 'min_samples_split': 1e-07, 'n_estimators': 5000}"
-9.982485714285714,-13.427307142857146,-12.245878571428571,-18.784742857142856,-12.279635714285716,-18.44564285714286,-14.860821428571427,-8.704785714285714,-12.956261538461538,-11.517476923076922,-13.336208695652173,3.1261796791623966,1,7.064446020126343,1.4672916520090697,0.0671553373336792,0.019789296626871938,False,41,sqrt,10000,0.9999999,0.28480098524415637,1e-07,1e-07,5000,"{'bootstrap': False, 'max_depth': 41, 'max_features': 'sqrt', 'max_leaf_nodes': 10000, 'max_samples': 0.9999999, 'min_impurity_decrease': 0.28480098524415637, 'min_samples_leaf': 1e-07, 'min_samples_split': 1e-07, 'n_estimators': 5000}"
-10.419564285714287,-13.303685714285715,-13.385292857142856,-17.905785714285717,-11.923107142857145,-16.902371428571424,-9.8965,-10.090257142857144,-12.016353846153843,-8.270484615384616,-12.444208695652172,2.9205340903658294,1,16.15843460559845,5.420833971005552,0.10414390563964844,0.029987958639752513,False,1000,sqrt,10000,0.9999999,0.0,1e-07,1e-07,5000,"{'bootstrap': False, 'max_depth': 1000, 'max_features': 'sqrt', 'max_leaf_nodes': 10000, 'max_samples': 0.9999999, 'min_impurity_decrease': 0.0, 'min_samples_leaf': 1e-07, 'min_samples_split': 1e-07, 'n_estimators': 5000}"
-9.035714285714283,-13.77142857142857,-14.421428571428569,-20.785714285714285,-13.192857142857145,-16.164285714285715,-9.721428571428573,-10.335714285714285,-12.023076923076925,-9.630769230769232,-12.93840579710145,3.4633663658605434,1,0.04272439479827881,0.01724914563815416,0.0017566919326782227,0.0004087635253001585,False,125,sqrt,2114,0.01448317836960747,0.0,1e-07,1e-07,10,"{'bootstrap': False, 'max_depth': 125, 'max_features': 'sqrt', 'max_leaf_nodes': 2114, 'max_samples': 0.01448317836960747, 'min_impurity_decrease': 0.0, 'min_samples_leaf': 1e-07, 'min_samples_split': 1e-07, 'n_estimators': 10}"
-8.403571428571428,-14.310714285714285,-12.407142857142857,-20.107142857142858,-12.492857142857146,-18.90357142857143,-14.682142857142859,-8.375000000000002,-13.353846153846153,-11.892307692307694,-13.505434782608695,3.6562946584713014,1,0.024384331703186036,0.006192068941624082,0.002067112922668457,0.0006729802885205427,False,10,sqrt,10000,0.9999999,0.0,1e-07,1.0,10,"{'bootstrap': False, 'max_depth': 10, 'max_features': 'sqrt', 'max_leaf_nodes': 10000, 'max_samples': 0.9999999, 'min_impurity_decrease': 0.0, 'min_samples_leaf': 1e-07, 'min_samples_split': 1.0, 'n_estimators': 10}"
-10.42705714285714,-13.171564285714283,-13.49617857142857,-18.027142857142856,-11.79027142857143,-16.955735714285716,-10.002357142857145,-10.07262857142857,-11.944523076923078,-8.163323076923076,-12.439152898550725,2.9621673675544673,1,16.939376330375673,5.475060707459772,0.09577627182006836,0.02691449159431313,False,958,log2,10000,0.9999999,0.0,1e-07,1e-07,5000,"{'bootstrap': False, 'max_depth': 958, 'max_features': 'log2', 'max_leaf_nodes': 10000, 'max_samples': 0.9999999, 'min_impurity_decrease': 0.0, 'min_samples_leaf': 1e-07, 'min_samples_split': 1e-07, 'n_estimators': 5000}"
-11.260714285714284,-11.978571428571428,-15.003571428571428,-20.8,-14.842857142857143,-15.15714285714286,-9.414285714285713,-10.64285714285714,-11.646153846153844,-9.311538461538463,-13.042391304347824,3.336056476332023,1,0.05591175556182861,0.01202642369788938,0.0019412517547607421,0.0008168758913502649,False,10,auto,10000,0.9999999,0.0,1e-07,1e-07,10,"{'bootstrap': False, 'max_depth': 10, 'max_features': 'auto', 'max_leaf_nodes': 10000, 'max_samples': 0.9999999, 'min_impurity_decrease': 0.0, 'min_samples_leaf': 1e-07, 'min_samples_split': 1e-07, 'n_estimators': 10}"
-9.546428571428573,-12.551071428571428,-13.12265714285714,-17.4951,-11.201514285714286,-16.273985714285715,-7.64962857142857,-9.895957142857144,-11.303615384615386,-7.619600000000002,-11.697902898550725,3.1435198954810377,1,22.921980762481688,0.6281791715930106,0.0900355339050293,0.030040326756543306,False,1000,auto,10000,1e-07,0.0,1e-07,1e-07,5000,"{'bootstrap': False, 'max_depth': 1000, 'max_features': 'auto', 'max_leaf_nodes': 10000, 'max_samples': 1e-07, 'min_impurity_decrease': 0.0, 'min_samples_leaf': 1e-07, 'min_samples_split': 1e-07, 'n_estimators': 5000}"
-9.8991,-12.821642857142853,-13.343157142857146,-17.366721428571427,-11.726650000000001,-17.52345,-9.817950000000002,-9.745657142857143,-11.459684615384615,-7.970838461538464,-12.203024637681159,3.039413401329598,1,18.948725080490114,0.745500517529902,0.08269376754760742,0.027842957257716208,True,1000,auto,10000,0.9999999,0.0,1e-07,1e-07,5000,"{'bootstrap': True, 'max_depth': 1000, 'max_features': 'auto', 'max_leaf_nodes': 10000, 'max_samples': 0.9999999, 'min_impurity_decrease': 0.0, 'min_samples_leaf': 1e-07, 'min_samples_split': 1e-07, 'n_estimators': 5000}"
-9.85,-13.071428571428575,-13.72857142857143,-15.107142857142856,-12.985714285714286,-15.885714285714288,-7.828571428571428,-9.542857142857144,-11.438461538461535,-9.407692307692308,-11.905797101449277,2.555381917753521,1,0.05636718273162842,0.012814540366229553,0.00164339542388916,0.0004894437684593026,False,1000,auto,10000,0.9999999,0.0,1e-07,1e-07,10,"{'bootstrap': False, 'max_depth': 1000, 'max_features': 'auto', 'max_leaf_nodes': 10000, 'max_samples': 0.9999999, 'min_impurity_decrease': 0.0, 'min_samples_leaf': 1e-07, 'min_samples_split': 1e-07, 'n_estimators': 10}"
-9.486142857142857,-12.489485714285715,-13.126385714285714,-17.598971428571428,-11.22282857142857,-16.289357142857146,-7.486328571428572,-9.841085714285711,-11.211215384615388,-7.590215384615385,-11.666571014492757,3.197065132754738,1,22.968552112579346,0.4758964395436572,0.0922621726989746,0.02949200341711964,False,1000,auto,10000,0.9999999,0.0,1e-07,1e-07,5000,"{'bootstrap': False, 'max_depth': 1000, 'max_features': 'auto', 'max_leaf_nodes': 10000, 'max_samples': 0.9999999, 'min_impurity_decrease': 0.0, 'min_samples_leaf': 1e-07, 'min_samples_split': 1e-07, 'n_estimators': 5000}"
-9.573285714285715,-12.509085714285712,-13.316942857142859,-17.59017142857143,-11.160214285714284,-16.286257142857142,-7.552628571428571,-9.96252857142857,-11.29773846153846,-7.637492307692307,-11.720823188405795,3.177167433011976,1,23.13214738368988,0.5227941193114974,0.10081474781036377,0.037968546086293575,False,1000,auto,10000,0.9999999,0.0,1e-07,1e-07,5000,"{'bootstrap': False, 'max_depth': 1000, 'max_features': 'auto', 'max_leaf_nodes': 10000, 'max_samples': 0.9999999, 'min_impurity_decrease': 0.0, 'min_samples_leaf': 1e-07, 'min_samples_split': 1e-07, 'n_estimators': 5000}"
-9.519971428571429,-12.454614285714287,-13.192142857142857,-17.675428571428572,-11.326514285714284,-16.169857142857143,-7.631614285714284,-9.966428571428574,-11.299876923076924,-7.677584615384616,-11.723326086956524,3.15467083856824,1,22.929016947746277,0.6188395862085544,0.09097099304199219,0.03358484412442835,False,1000,auto,10000,1e-07,0.0,1e-07,1e-07,5000,"{'bootstrap': False, 'max_depth': 1000, 'max_features': 'auto', 'max_leaf_nodes': 10000, 'max_samples': 1e-07, 'min_impurity_decrease': 0.0, 'min_samples_leaf': 1e-07, 'min_samples_split': 1e-07, 'n_estimators': 5000}"
-9.537071428571428,-12.557714285714287,-13.060814285714288,-17.5423,-11.16152857142857,-16.250157142857145,-7.615828571428571,-9.914871428571429,-11.241046153846153,-7.601523076923078,-11.680560869565216,3.15388326366091,1,23.640360379219054,0.7845778643693038,0.09640493392944335,0.035692204661092124,False,1000,auto,9288,0.9999999,0.0,1e-07,1e-07,5000,"{'bootstrap': False, 'max_depth': 1000, 'max_features': 'auto', 'max_leaf_nodes': 9288, 'max_samples': 0.9999999, 'min_impurity_decrease': 0.0, 'min_samples_leaf': 1e-07, 'min_samples_split': 1e-07, 'n_estimators': 5000}"
-9.536314285714285,-12.493157142857141,-13.25037142857143,-17.67117142857143,-11.160557142857146,-16.193114285714287,-7.6083857142857125,-9.856185714285715,-11.350184615384618,-7.592415384615384,-11.70306811594203,3.1814426683908383,1,22.924164152145387,0.6067178948758182,0.09182801246643066,0.02588768410864105,False,1000,auto,9340,1e-07,0.0,1e-07,1e-07,5000,"{'bootstrap': False, 'max_depth': 1000, 'max_features': 'auto', 'max_leaf_nodes': 9340, 'max_samples': 1e-07, 'min_impurity_decrease': 0.0, 'min_samples_leaf': 1e-07, 'min_samples_split': 1e-07, 'n_estimators': 5000}"
-9.5526,-12.46297142857143,-13.293928571428571,-17.56445714285714,-11.193542857142859,-16.25821428571429,-7.619014285714286,-9.930599999999998,-11.349276923076921,-7.520676923076923,-11.706985507246378,3.1735881971071533,1,22.913651156425477,0.5293549701603116,0.10204780101776123,0.050469146426860206,False,1000,auto,9523,0.9999999,0.0,1e-07,1e-07,5000,"{'bootstrap': False, 'max_depth': 1000, 'max_features': 'auto', 'max_leaf_nodes': 9523, 'max_samples': 0.9999999, 'min_impurity_decrease': 0.0, 'min_samples_leaf': 1e-07, 'min_samples_split': 1e-07, 'n_estimators': 5000}"
-9.468785714285714,-12.470328571428576,-13.26404285714286,-17.492171428571428,-11.282685714285716,-16.236514285714286,-7.737242857142858,-9.878699999999998,-11.247846153846154,-7.665446153846154,-11.706517391304349,3.131244529997829,1,23.093177843093873,0.5444395148047483,0.09332375526428223,0.031566913239046486,False,1000,auto,9557,0.9999999,0.0,1e-07,1e-07,5000,"{'bootstrap': False, 'max_depth': 1000, 'max_features': 'auto', 'max_leaf_nodes': 9557, 'max_samples': 0.9999999, 'min_impurity_decrease': 0.0, 'min_samples_leaf': 1e-07, 'min_samples_split': 1e-07, 'n_estimators': 5000}"
-9.518742857142856,-12.352685714285716,-13.14477142857143,-17.48454285714286,-11.267742857142858,-16.291114285714286,-7.570942857142856,-9.773428571428571,-11.345799999999999,-7.599584615384615,-11.666272463768117,3.160744654750725,1,23.120347929000854,0.610273595714431,0.0801807165145874,0.017804231364891572,False,1000,auto,9574,1e-07,0.0,1e-07,1e-07,5000,"{'bootstrap': False, 'max_depth': 1000, 'max_features': 'auto', 'max_leaf_nodes': 9574, 'max_samples': 1e-07, 'min_impurity_decrease': 0.0, 'min_samples_leaf': 1e-07, 'min_samples_split': 1e-07, 'n_estimators': 5000}"
-9.579614285714285,-12.40032857142857,-13.141642857142855,-17.644914285714286,-11.278185714285716,-16.2514,-7.651657142857142,-9.90345714285714,-11.310307692307692,-7.745707692307694,-11.722065217391304,3.146211970032346,1,22.919877314567564,0.6017157280869528,0.08756489753723144,0.022244609745790903,False,1000,auto,9557,1e-07,0.0,1e-07,1e-07,5000,"{'bootstrap': False, 'max_depth': 1000, 'max_features': 'auto', 'max_leaf_nodes': 9557, 'max_samples': 1e-07, 'min_impurity_decrease': 0.0, 'min_samples_leaf': 1e-07, 'min_samples_split': 1e-07, 'n_estimators': 5000}"
-9.458057142857143,-12.458414285714285,-13.2631,-17.5813,-11.28614285714286,-16.202614285714287,-7.717857142857143,-9.817728571428574,-11.304661538461538,-7.652523076923079,-11.706060869565219,3.150465025105662,1,23.262198424339296,0.6723013125905515,0.08669846057891846,0.027471773216081397,False,1000,auto,9611,0.9999999,0.0,1e-07,1e-07,5000,"{'bootstrap': False, 'max_depth': 1000, 'max_features': 'auto', 'max_leaf_nodes': 9611, 'max_samples': 0.9999999, 'min_impurity_decrease': 0.0, 'min_samples_leaf': 1e-07, 'min_samples_split': 1e-07, 'n_estimators': 5000}"
-9.530214285714285,-12.473899999999999,-13.2944,-17.605485714285713,-11.238928571428572,-16.23052857142857,-7.629257142857142,-9.999242857142859,-11.39010769230769,-7.650600000000001,-11.735917391304348,3.1567705043322296,1,22.760279870033266,0.5535403044492515,0.10722460746765136,0.053034804230208926,False,1000,auto,9624,0.9999999,0.0,1e-07,1e-07,5000,"{'bootstrap': False, 'max_depth': 1000, 'max_features': 'auto', 'max_leaf_nodes': 9624, 'max_samples': 0.9999999, 'min_impurity_decrease': 0.0, 'min_samples_leaf': 1e-07, 'min_samples_split': 1e-07, 'n_estimators': 5000}"
-9.584700000000002,-12.4765,-13.196814285714286,-17.574114285714284,-11.310928571428573,-16.22072857142857,-7.664428571428573,-9.84395714285714,-11.420584615384616,-7.680630769230769,-11.72845072463768,3.140333116625846,1,23.1649729013443,0.5753881660482191,0.09044451713562011,0.021798335716850185,False,1000,auto,9144,1e-07,0.0,1e-07,1e-07,5000,"{'bootstrap': False, 'max_depth': 1000, 'max_features': 'auto', 'max_leaf_nodes': 9144, 'max_samples': 1e-07, 'min_impurity_decrease': 0.0, 'min_samples_leaf': 1e-07, 'min_samples_split': 1e-07, 'n_estimators': 5000}"
-9.5507,-12.486185714285714,-13.3411,-17.532,-11.235657142857141,-16.185057142857143,-7.595928571428571,-9.833085714285714,-11.356953846153846,-7.6423538461538465,-11.707442028985508,3.1531034776662388,1,23.63278353214264,0.7152319697584187,0.08821911811828613,0.02863678922781142,False,1000,auto,9728,1e-07,0.0,1e-07,1e-07,5000,"{'bootstrap': False, 'max_depth': 1000, 'max_features': 'auto', 'max_leaf_nodes': 9728, 'max_samples': 1e-07, 'min_impurity_decrease': 0.0, 'min_samples_leaf': 1e-07, 'min_samples_split': 1e-07, 'n_estimators': 5000}"
-9.525371428571427,-12.45997142857143,-13.342742857142856,-17.64435714285714,-11.204928571428573,-16.229142857142858,-7.6411428571428575,-9.8402,-11.322076923076924,-7.540753846153847,-11.707585507246375,3.1887341398406526,1,23.296933150291444,0.581195206121074,0.08793838024139404,0.02777559219050089,False,1000,auto,9714,1e-07,0.0,1e-07,1e-07,5000,"{'bootstrap': False, 'max_depth': 1000, 'max_features': 'auto', 'max_leaf_nodes': 9714, 'max_samples': 1e-07, 'min_impurity_decrease': 0.0, 'min_samples_leaf': 1e-07, 'min_samples_split': 1e-07, 'n_estimators': 5000}"
-9.540242857142857,-12.548499999999999,-13.173142857142858,-17.552014285714282,-11.160228571428572,-16.270514285714288,-7.682857142857143,-9.89492857142857,-11.311769230769231,-7.72532307692308,-11.717363768115943,3.139943805684031,1,23.179653668403624,0.5907458519707056,0.09409868717193604,0.04042086206279245,False,1000,auto,9694,0.9999999,0.0,1e-07,1e-07,5000,"{'bootstrap': False, 'max_depth': 1000, 'max_features': 'auto', 'max_leaf_nodes': 9694, 'max_samples': 0.9999999, 'min_impurity_decrease': 0.0, 'min_samples_leaf': 1e-07, 'min_samples_split': 1e-07, 'n_estimators': 5000}"
-9.541699999999997,-12.650614285714283,-13.20521428571429,-17.5847,-11.186742857142857,-16.23852857142857,-7.688885714285715,-9.90515714285714,-11.388692307692308,-7.560953846153846,-11.727297101449276,3.163058584556826,1,23.526730966567992,0.7225954793147281,0.08089139461517333,0.018053196079409365,False,1000,auto,9684,0.9999999,0.0,1e-07,1e-07,5000,"{'bootstrap': False, 'max_depth': 1000, 'max_features': 'auto', 'max_leaf_nodes': 9684, 'max_samples': 0.9999999, 'min_impurity_decrease': 0.0, 'min_samples_leaf': 1e-07, 'min_samples_split': 1e-07, 'n_estimators': 5000}"
-9.472814285714287,-12.53352857142857,-13.371414285714286,-17.549657142857143,-11.294214285714286,-16.272942857142855,-7.597014285714285,-9.92187142857143,-11.24076923076923,-7.663553846153846,-11.724236231884058,3.1700905234921057,1,23.51690742969513,0.5477804741207093,0.08700573444366455,0.029175787504085553,False,1000,auto,10000,1e-07,0.0,1e-07,1e-07,5000,"{'bootstrap': False, 'max_depth': 1000, 'max_features': 'auto', 'max_leaf_nodes': 10000, 'max_samples': 1e-07, 'min_impurity_decrease': 0.0, 'min_samples_leaf': 1e-07, 'min_samples_split': 1e-07, 'n_estimators': 5000}"
-9.528757142857142,-12.533957142857142,-13.386885714285714,-17.617657142857144,-11.233942857142855,-16.189642857142854,-7.585214285714286,-9.95467142857143,-11.262369230769231,-7.572230769230771,-11.719420289855073,3.179074081718524,1,23.262673687934875,0.5570773520801133,0.08903324604034424,0.027278484590390194,False,1000,auto,9582,1e-07,0.0,1e-07,1e-07,5000,"{'bootstrap': False, 'max_depth': 1000, 'max_features': 'auto', 'max_leaf_nodes': 9582, 'max_samples': 1e-07, 'min_impurity_decrease': 0.0, 'min_samples_leaf': 1e-07, 'min_samples_split': 1e-07, 'n_estimators': 5000}"
-9.558300000000003,-12.47624285714286,-13.31777142857143,-17.673314285714284,-11.2286,-16.302128571428575,-7.631771428571428,-9.945414285714289,-11.282646153846153,-7.736569230769231,-11.747242028985506,3.1730546122290453,1,23.838099217414857,0.72158861186336,0.08930928707122802,0.029352808516734934,False,1000,auto,9590,0.9999999,0.0,1e-07,1e-07,5000,"{'bootstrap': False, 'max_depth': 1000, 'max_features': 'auto', 'max_leaf_nodes': 9590, 'max_samples': 0.9999999, 'min_impurity_decrease': 0.0, 'min_samples_leaf': 1e-07, 'min_samples_split': 1e-07, 'n_estimators': 5000}"
-9.51222857142857,-12.466428571428574,-13.203542857142855,-17.608242857142855,-11.249928571428569,-16.20594285714286,-7.637442857142858,-9.92787142857143,-11.471907692307694,-7.689492307692306,-11.727978260869564,3.14776125545439,1,23.531415891647338,0.7500662226320073,0.08062708377838135,0.020574624616383628,False,1000,auto,10000,1e-07,0.0,1e-07,1e-07,5000,"{'bootstrap': False, 'max_depth': 1000, 'max_features': 'auto', 'max_leaf_nodes': 10000, 'max_samples': 1e-07, 'min_impurity_decrease': 0.0, 'min_samples_leaf': 1e-07, 'min_samples_split': 1e-07, 'n_estimators': 5000}"
-9.58114285714286,-12.600685714285715,-13.12727142857143,-17.560285714285715,-11.08284285714286,-16.128371428571427,-7.613142857142859,-9.988614285714286,-11.327292307692307,-7.6023538461538465,-11.69303188405797,3.137346885791877,1,23.38834903240204,0.8162425547948415,0.10267152786254882,0.05002117062505463,False,1000,auto,9544,1e-07,0.0,1e-07,1e-07,5000,"{'bootstrap': False, 'max_depth': 1000, 'max_features': 'auto', 'max_leaf_nodes': 9544, 'max_samples': 1e-07, 'min_impurity_decrease': 0.0, 'min_samples_leaf': 1e-07, 'min_samples_split': 1e-07, 'n_estimators': 5000}"
-9.565742857142855,-12.457342857142859,-13.237571428571432,-17.70417142857143,-11.154342857142856,-16.2784,-7.618657142857144,-9.815157142857142,-11.353230769230768,-7.608107692307693,-11.71113623188406,3.1957681849792707,1,24.49197645187378,1.0680224933501323,0.08991885185241699,0.025350932019933076,False,1000,auto,9530,1e-07,0.0,1e-07,1e-07,5000,"{'bootstrap': False, 'max_depth': 1000, 'max_features': 'auto', 'max_leaf_nodes': 9530, 'max_samples': 1e-07, 'min_impurity_decrease': 0.0, 'min_samples_leaf': 1e-07, 'min_samples_split': 1e-07, 'n_estimators': 5000}"
-9.478285714285713,-12.430228571428572,-13.313428571428574,-17.510485714285718,-11.375914285714284,-16.261557142857143,-7.718342857142857,-9.823071428571428,-11.347876923076926,-7.573753846153844,-11.715504347826087,3.1538377502727695,1,24.41351647377014,0.6564600196489694,0.0949782371520996,0.02863666513508572,False,1000,auto,9553,1e-07,0.0,1e-07,1e-07,5000,"{'bootstrap': False, 'max_depth': 1000, 'max_features': 'auto', 'max_leaf_nodes': 9553, 'max_samples': 1e-07, 'min_impurity_decrease': 0.0, 'min_samples_leaf': 1e-07, 'min_samples_split': 1e-07, 'n_estimators': 5000}"
-9.413371428571427,-12.486142857142857,-13.1477,-17.545099999999998,-11.259699999999999,-16.322957142857142,-7.647771428571427,-9.872885714285717,-11.292369230769228,-7.5646,-11.687531884057972,3.1765783191356403,1,24.06128888130188,1.0077025642985125,0.09026451110839843,0.029940151412976044,False,1000,auto,9577,1e-07,0.0,1e-07,1e-07,5000,"{'bootstrap': False, 'max_depth': 1000, 'max_features': 'auto', 'max_leaf_nodes': 9577, 'max_samples': 1e-07, 'min_impurity_decrease': 0.0, 'min_samples_leaf': 1e-07, 'min_samples_split': 1e-07, 'n_estimators': 5000}"
-9.518600000000001,-12.59452857142857,-13.156699999999999,-17.475242857142856,-11.102957142857147,-16.192685714285712,-7.627471428571427,-9.849814285714286,-11.317830769230769,-7.700553846153844,-11.684717391304348,3.1300058056369044,1,22.990265107154848,0.5489485329722668,0.08430428504943847,0.01863350603005741,False,1000,auto,9562,1e-07,0.0,1e-07,1e-07,5000,"{'bootstrap': False, 'max_depth': 1000, 'max_features': 'auto', 'max_leaf_nodes': 9562, 'max_samples': 1e-07, 'min_impurity_decrease': 0.0, 'min_samples_leaf': 1e-07, 'min_samples_split': 1e-07, 'n_estimators': 5000}"
-9.569585714285713,-12.409314285714284,-13.16667142857143,-17.757314285714283,-11.128899999999998,-16.229385714285716,-7.6130142857142875,-9.854485714285714,-11.493199999999998,-7.663969230769232,-11.71916376811594,3.185061482854481,1,23.045862317085266,0.546362800288503,0.09253783226013183,0.02663183462365561,False,1000,auto,9285,1e-07,0.0,1e-07,1e-07,5000,"{'bootstrap': False, 'max_depth': 1000, 'max_features': 'auto', 'max_leaf_nodes': 9285, 'max_samples': 1e-07, 'min_impurity_decrease': 0.0, 'min_samples_leaf': 1e-07, 'min_samples_split': 1e-07, 'n_estimators': 5000}"
-9.464614285714287,-12.480771428571426,-13.162942857142856,-17.52477142857143,-11.213500000000002,-16.270914285714287,-7.6552,-9.92522857142857,-11.225815384615384,-7.535738461538461,-11.678778260869567,3.16308321039613,1,23.458272886276244,0.8087396302304998,0.08877410888671874,0.018950649088870522,False,1000,auto,9634,1e-07,0.0,1e-07,1e-07,5000,"{'bootstrap': False, 'max_depth': 1000, 'max_features': 'auto', 'max_leaf_nodes': 9634, 'max_samples': 1e-07, 'min_impurity_decrease': 0.0, 'min_samples_leaf': 1e-07, 'min_samples_split': 1e-07, 'n_estimators': 5000}"
-9.494742857142857,-12.471400000000001,-13.153957142857141,-17.64357142857143,-11.3435,-16.200257142857144,-7.580971428571429,-9.854814285714285,-11.334076923076923,-7.736030769230769,-11.712437681159422,3.1589207787619196,1,23.2228933095932,0.644227047025598,0.0964979887008667,0.03487802264544282,False,1000,auto,9637,1e-07,0.0,1e-07,1e-07,5000,"{'bootstrap': False, 'max_depth': 1000, 'max_features': 'auto', 'max_leaf_nodes': 9637, 'max_samples': 1e-07, 'min_impurity_decrease': 0.0, 'min_samples_leaf': 1e-07, 'min_samples_split': 1e-07, 'n_estimators': 5000}"
-9.574399999999999,-12.45587142857143,-13.041785714285718,-17.498057142857142,-11.274985714285716,-16.280357142857145,-7.603571428571429,-9.796714285714286,-11.307615384615385,-7.571692307692308,-11.672401449275362,3.1536120606083737,1,23.408269619941713,0.6823953477868022,0.10396156311035157,0.05119145595215482,False,1000,auto,9635,1e-07,0.0,1e-07,1e-07,5000,"{'bootstrap': False, 'max_depth': 1000, 'max_features': 'auto', 'max_leaf_nodes': 9635, 'max_samples': 1e-07, 'min_impurity_decrease': 0.0, 'min_samples_leaf': 1e-07, 'min_samples_split': 1e-07, 'n_estimators': 5000}"
-9.5933,-12.531885714285718,-13.228285714285715,-17.71727142857143,-11.141357142857142,-16.245857142857144,-7.5956,-9.922528571428572,-11.316846153846152,-7.569230769230772,-11.71872608695652,3.1951776246083305,1,23.511283326148988,0.6513058487609025,0.09625797271728516,0.033403513306472586,False,1000,auto,9639,1e-07,0.0,1e-07,1e-07,5000,"{'bootstrap': False, 'max_depth': 1000, 'max_features': 'auto', 'max_leaf_nodes': 9639, 'max_samples': 1e-07, 'min_impurity_decrease': 0.0, 'min_samples_leaf': 1e-07, 'min_samples_split': 1e-07, 'n_estimators': 5000}"
-9.537971428571428,-12.465342857142856,-13.297814285714287,-17.60374285714286,-11.281357142857143,-16.252242857142857,-7.693671428571428,-9.860514285714286,-11.346876923076922,-7.677707692307691,-11.733455072463766,3.155153939399548,1,23.390827226638795,0.8238647214668877,0.08347673416137695,0.0255553308207299,False,1000,auto,9635,1e-07,0.0,1e-07,1e-07,5000,"{'bootstrap': False, 'max_depth': 1000, 'max_features': 'auto', 'max_leaf_nodes': 9635, 'max_samples': 1e-07, 'min_impurity_decrease': 0.0, 'min_samples_leaf': 1e-07, 'min_samples_split': 1e-07, 'n_estimators': 5000}"
-9.549014285714284,-12.514999999999999,-13.234657142857142,-17.424514285714288,-11.269700000000002,-16.267114285714285,-7.6417857142857155,-9.862857142857141,-11.367446153846153,-7.6164615384615395,-11.706491304347827,3.1351997023620215,1,22.990160369873045,0.4989358361455192,0.08956689834594726,0.03183870872040025,False,1000,auto,9631,1e-07,0.0,1e-07,1e-07,5000,"{'bootstrap': False, 'max_depth': 1000, 'max_features': 'auto', 'max_leaf_nodes': 9631, 'max_samples': 1e-07, 'min_impurity_decrease': 0.0, 'min_samples_leaf': 1e-07, 'min_samples_split': 1e-07, 'n_estimators': 5000}"
-9.499571428571429,-12.439057142857141,-13.153957142857147,-17.522557142857142,-11.1899,-16.342828571428573,-7.63162857142857,-9.828671428571427,-11.329138461538461,-7.654830769230769,-11.690623188405798,3.1626598730400386,1,23.291434478759765,0.5538070141248527,0.08708527088165283,0.024090156357931578,False,1000,auto,9628,1e-07,0.0,1e-07,1e-07,5000,"{'bootstrap': False, 'max_depth': 1000, 'max_features': 'auto', 'max_leaf_nodes': 9628, 'max_samples': 1e-07, 'min_impurity_decrease': 0.0, 'min_samples_leaf': 1e-07, 'min_samples_split': 1e-07, 'n_estimators': 5000}"
-9.523042857142858,-12.506742857142857,-13.053600000000001,-17.470085714285716,-11.165571428571429,-16.254042857142856,-7.704085714285713,-9.9416,-11.336784615384618,-7.670815384615385,-11.693924637681162,3.1174598240111626,1,24.37177429199219,0.9008882522914521,0.09070894718170167,0.028894650987263286,False,1000,auto,9600,0.9999999,0.0,1e-07,1e-07,5000,"{'bootstrap': False, 'max_depth': 1000, 'max_features': 'auto', 'max_leaf_nodes': 9600, 'max_samples': 0.9999999, 'min_impurity_decrease': 0.0, 'min_samples_leaf': 1e-07, 'min_samples_split': 1e-07, 'n_estimators': 5000}"
-9.443,-12.24377142857143,-13.403957142857141,-17.5679,-11.212399999999999,-16.165599999999998,-7.60352857142857,-9.953157142857142,-11.429676923076924,-7.58316923076923,-11.691836231884059,3.1618093130889346,1,23.56839039325714,0.6347654186368965,0.09044113159179687,0.027041135885189006,False,1000,auto,9621,1e-07,0.0,1e-07,1e-07,5000,"{'bootstrap': False, 'max_depth': 1000, 'max_features': 'auto', 'max_leaf_nodes': 9621, 'max_samples': 1e-07, 'min_impurity_decrease': 0.0, 'min_samples_leaf': 1e-07, 'min_samples_split': 1e-07, 'n_estimators': 5000}"
-9.511099999999999,-12.514,-13.391757142857141,-17.53482857142857,-11.139200000000004,-16.32764285714286,-7.591714285714285,-9.873342857142859,-11.350569230769228,-7.648476923076922,-11.719984057971015,3.1796463722408275,1,23.48525712490082,0.48317621604223954,0.07951669692993164,0.019324510862185555,False,1000,auto,9621,1e-07,0.0,1e-07,1e-07,5000,"{'bootstrap': False, 'max_depth': 1000, 'max_features': 'auto', 'max_leaf_nodes': 9621, 'max_samples': 1e-07, 'min_impurity_decrease': 0.0, 'min_samples_leaf': 1e-07, 'min_samples_split': 1e-07, 'n_estimators': 5000}"
-9.584371428571428,-12.47304285714286,-13.294871428571428,-17.532814285714288,-11.222014285714284,-16.283471428571428,-7.630842857142858,-9.871285714285714,-11.328800000000001,-7.615676923076923,-11.715769565217391,3.1594202903671955,1,24.218970632553102,0.8776275527273276,0.1005286455154419,0.03352579543483609,False,1000,auto,9595,0.9999999,0.0,1e-07,1e-07,5000,"{'bootstrap': False, 'max_depth': 1000, 'max_features': 'auto', 'max_leaf_nodes': 9595, 'max_samples': 0.9999999, 'min_impurity_decrease': 0.0, 'min_samples_leaf': 1e-07, 'min_samples_split': 1e-07, 'n_estimators': 5000}"
-9.492628571428568,-12.450285714285714,-13.152557142857143,-17.52441428571429,-11.12277142857143,-16.181785714285716,-7.6455285714285734,-9.949014285714286,-11.330846153846153,-7.629476923076923,-11.679347826086957,3.1353752313179784,1,23.69837396144867,0.8289807885188717,0.10058555603027344,0.04083492539487088,False,1000,auto,9629,1e-07,0.0,1e-07,1e-07,5000,"{'bootstrap': False, 'max_depth': 1000, 'max_features': 'auto', 'max_leaf_nodes': 9629, 'max_samples': 1e-07, 'min_impurity_decrease': 0.0, 'min_samples_leaf': 1e-07, 'min_samples_split': 1e-07, 'n_estimators': 5000}"
-9.54474285714286,-12.483114285714285,-13.15227142857143,-17.60515714285714,-11.290257142857142,-16.419314285714286,-7.606,-9.884257142857141,-11.380184615384618,-7.619753846153847,-11.73036811594203,3.1895833618366085,1,23.430644273757935,0.690825043094117,0.1017831802368164,0.04394224605394933,False,1000,auto,9633,1e-07,0.0,1e-07,1e-07,5000,"{'bootstrap': False, 'max_depth': 1000, 'max_features': 'auto', 'max_leaf_nodes': 9633, 'max_samples': 1e-07, 'min_impurity_decrease': 0.0, 'min_samples_leaf': 1e-07, 'min_samples_split': 1e-07, 'n_estimators': 5000}"
-9.539071428571429,-12.517114285714285,-13.26245714285714,-17.699657142857145,-11.153214285714284,-16.263599999999997,-7.6338857142857135,-10.038842857142859,-11.287276923076925,-7.531492307692308,-11.725752173913044,3.192737635781573,1,23.251040124893187,0.7033557794846842,0.09147763252258301,0.041486715378877125,False,1000,auto,9624,1e-07,0.0,1e-07,1e-07,5000,"{'bootstrap': False, 'max_depth': 1000, 'max_features': 'auto', 'max_leaf_nodes': 9624, 'max_samples': 1e-07, 'min_impurity_decrease': 0.0, 'min_samples_leaf': 1e-07, 'min_samples_split': 1e-07, 'n_estimators': 5000}"
-9.489771428571428,-12.507542857142857,-13.238985714285715,-17.539257142857142,-11.24357142857143,-16.251771428571427,-7.577299999999999,-9.958485714285715,-11.327107692307692,-7.751353846153847,-11.719663768115941,3.1460526878456667,1,23.18985335826874,0.5834727913638978,0.08280370235443116,0.02278010255867028,False,1000,auto,9592,0.9999999,0.0,1e-07,1e-07,5000,"{'bootstrap': False, 'max_depth': 1000, 'max_features': 'auto', 'max_leaf_nodes': 9592, 'max_samples': 0.9999999, 'min_impurity_decrease': 0.0, 'min_samples_leaf': 1e-07, 'min_samples_split': 1e-07, 'n_estimators': 5000}"
-9.495857142857144,-12.55042857142857,-13.120171428571426,-17.6252,-11.1889,-16.279885714285715,-7.643542857142856,-9.85254285714286,-11.330292307692307,-7.68516923076923,-11.708640579710144,3.1676170564585773,1,23.208353209495545,0.5441885160972579,0.08995842933654785,0.031115134118902422,False,1000,auto,9650,1e-07,0.0,1e-07,1e-07,5000,"{'bootstrap': False, 'max_depth': 1000, 'max_features': 'auto', 'max_leaf_nodes': 9650, 'max_samples': 1e-07, 'min_impurity_decrease': 0.0, 'min_samples_leaf': 1e-07, 'min_samples_split': 1e-07, 'n_estimators': 5000}"
-9.455957142857143,-12.553914285714285,-13.199857142857141,-17.6172,-11.291128571428573,-16.3358,-7.5821999999999985,-9.87277142857143,-11.354107692307695,-7.682938461538461,-11.726124637681158,3.1862106798631085,1,23.87560420036316,0.8603622152998599,0.08235535621643067,0.01926704912868947,False,1000,auto,10000,1e-07,0.0,1e-07,1e-07,5000,"{'bootstrap': False, 'max_depth': 1000, 'max_features': 'auto', 'max_leaf_nodes': 10000, 'max_samples': 1e-07, 'min_impurity_decrease': 0.0, 'min_samples_leaf': 1e-07, 'min_samples_split': 1e-07, 'n_estimators': 5000}"
-9.494642857142855,-12.500842857142853,-13.22487142857143,-17.531485714285715,-11.138585714285714,-16.283499999999997,-7.656599999999999,-9.957428571428574,-11.266507692307695,-7.652738461538462,-11.702765217391303,3.151978851191008,1,22.954587936401367,0.3725517130110141,0.08672659397125244,0.02095748895330051,False,1000,auto,9292,1e-07,0.0,1e-07,1e-07,5000,"{'bootstrap': False, 'max_depth': 1000, 'max_features': 'auto', 'max_leaf_nodes': 9292, 'max_samples': 1e-07, 'min_impurity_decrease': 0.0, 'min_samples_leaf': 1e-07, 'min_samples_split': 1e-07, 'n_estimators': 5000}"
-9.51462857142857,-12.486671428571428,-13.22142857142857,-17.615299999999994,-11.126842857142858,-16.32697142857143,-7.606700000000001,-9.92767142857143,-11.35296923076923,-7.5356461538461526,-11.703760869565219,3.1938362857132776,1,22.920839166641237,0.5313273565746386,0.10043916702270508,0.03529367186120125,False,1000,auto,9259,1e-07,0.0,1e-07,1e-07,5000,"{'bootstrap': False, 'max_depth': 1000, 'max_features': 'auto', 'max_leaf_nodes': 9259, 'max_samples': 1e-07, 'min_impurity_decrease': 0.0, 'min_samples_leaf': 1e-07, 'min_samples_split': 1e-07, 'n_estimators': 5000}"
-9.49927142857143,-12.447685714285715,-13.156685714285711,-17.700614285714284,-11.190800000000005,-16.306171428571428,-7.682957142857142,-9.920942857142858,-11.461353846153845,-7.610999999999999,-11.72907536231884,3.183190912703133,1,23.03160810470581,0.54140897958586,0.09551763534545898,0.04370331380056468,False,1000,auto,9236,1e-07,0.0,1e-07,1e-07,5000,"{'bootstrap': False, 'max_depth': 1000, 'max_features': 'auto', 'max_leaf_nodes': 9236, 'max_samples': 1e-07, 'min_impurity_decrease': 0.0, 'min_samples_leaf': 1e-07, 'min_samples_split': 1e-07, 'n_estimators': 5000}"
-9.521385714285714,-12.460214285714287,-13.291042857142859,-17.614385714285714,-11.166914285714288,-16.20591428571429,-7.60862857142857,-9.847114285714285,-11.344400000000004,-7.567892307692308,-11.694769565217392,3.1782147163184873,1,22.961596655845643,0.5805373228942083,0.08968052864074708,0.013887407713138573,False,1000,auto,9594,1e-07,0.0,1e-07,1e-07,5000,"{'bootstrap': False, 'max_depth': 1000, 'max_features': 'auto', 'max_leaf_nodes': 9594, 'max_samples': 1e-07, 'min_impurity_decrease': 0.0, 'min_samples_leaf': 1e-07, 'min_samples_split': 1e-07, 'n_estimators': 5000}"
-9.57237142857143,-12.420214285714286,-13.2456,-17.469157142857142,-11.328571428571427,-16.24282857142857,-7.5867571428571425,-9.836071428571428,-11.354507692307694,-7.7557230769230765,-11.71199275362319,3.127922909207524,1,23.262114810943604,0.6372560602456913,0.09035317897796631,0.02754159130217837,False,1000,auto,9593,1e-07,0.0,1e-07,1e-07,5000,"{'bootstrap': False, 'max_depth': 1000, 'max_features': 'auto', 'max_leaf_nodes': 9593, 'max_samples': 1e-07, 'min_impurity_decrease': 0.0, 'min_samples_leaf': 1e-07, 'min_samples_split': 1e-07, 'n_estimators': 5000}"
